1 Aaban 5 Aadam 3 Aaden 1 Aadhavan 1 Aadhiran 1 Aadit 1 Aadithya 2 Aaditya 1 Aadvik 1 Aadyant 2 Aagam 2 Aahaan 1 Aahil 1 Aaiden-John 1 Aalay 1 Aansh 1 Aaraf 21 Aarav 1 Aaravbir 1 Aarian 2 Aarib 1 Aaric 1 Aarik 1 Aarish 1 Aarishveer 5 Aariz 2 Aarnav 71 Aaron 1 Aarsh 1 Aarush 1 Aarvin 4 Aaryan 2 Aaryav 1 Aashrith 1 Aasim 1 Aavan 2 Aavas 1 Aavish 1 Aavy 1 Aavyn 1 Aaxel 2 Aayaan 1 Aayaansh 1 Aayam 5 Aayan 4 Aayansh 1 Aayush 1 Aayushman 1 Aban 1 Abas 5 Abbas 1 Abbas 2 Abdallah 1 Abdelrahman 1 Abdelsalam 1 Abderrahman 3 Abdi 1 Abdibasid 1 Abdifatah 1 Abdikhaliq 2 Abdilahi 1 Abdillahi 2 Abdimalik 1 Abdiqani 5 Abdirahman 1 Abdoulaye 1 Abduallah 10 Abdul 1 Abdulallah 1 Abdulaziz 1 Abdul-Aziz 1 Abdulghias 3 Abdulhadi 1 Abdulhamid 12 Abdullah 3 Abdullahi 1 Abdulloh 1 Abdul-Malik 1 Abdul-Muhaymin 1 Abdul-Muizz 1 Abdul-Mu'izz 1 Abdulnaser 2 Abdulrahman 1 Abdul-Rahman 1 Abdul-Rehman 2 Abdurahman 1 Abdur-Raheem 1 Abdur-Rahmaan 1 Abdusamed 2 Abe 1 Abeer 26 Abel 2 Abem 1 Abendo 1 Abenezer 1 Abhan 1 Abhay 1 Abhayroop 1 Abheyraj 4 Abhijot 1 Abhik 1 Abhimaan 1 Abhiram 1 Abin 2 Abir 1 Abner 10 Abraham 2 Abrahim 10 Abram 3 Abrar 1 Abrin 1 Abu 3 Abubakar 1 Abubakarr 7 Ace 1 Acher 2 Achilles 1 Achyuth 1 Adakiz 111 Adam 1 Adam-Berhane 1 Adam-Wadoud 3 Adan 1 Addam 1 Addica 2 Addison 1 Addisu 1 Addock 1 Addrick 1 Adebayo 1 Adebola 1 Adedamola 1 Adedayo 3 Adeeb 1 Adejare 1 Adejinmi 1 Adejoro 2 Adel 4 Adem 1 Ademide 10 Aden 1 Adeogo 1 Adetoni 1 Adeyanju  1 Adhirav 1 Adian 1 Adiel 2 Adil 3 Adison 2 Aditya 2 Adler 7 Adnan 1 Adnyer 1 Adonai 3 Adonay 1 Adonias 1 Adonijah 10 Adonis 1 Adri 1 Adriaen 31 Adrian 1 Adriane 3 Adriano 6 Adriel 5 Adrien 2 Adrik 1 Adriyan 1 Advait 1 Advay 2 Advik 3 Aedan 2 Aeden 1 Aedhan 1 Aedin 1 Aedon 1 Aerick 1 Aerrick 1 Aezrael 1 Affan 1 Afnan 1 Afoni 1 Afron 1 Agaaz 3 Agam 1 Agambir 1 Agamdeep 1 Agampal 1 Agampreet 1 Agamveer 1 Agastya 1 Agindu 1 Agor  1 Agostino 1 Agra 1 Agustin 1 Agustus 1 Ahaan 1 Ahad 1 Ahadu 1 Ahanyan 1 Aharshi 1 Ahempreet 1 Ahir 16 Ahmad 21 Ahmed 1 Ahnaf 1 Ahrev 2 Ahsan 1 Ahsanuddin 3 Ahyan 1 Aian 1 Aid 27 Aidan 104 Aiden 1 Aidric 1 Aidyn 2 Aikam 1 Aimery 1 Airen 1 Aitan 1 Aiyman 1 Aizayah 2 Aizen 1 Aj 2 Ajan 1 Ajang 3 Ajay 1 Ajaybir 1 Ajaypal 1 Ajeet 2 Ajit 1 Akaal 1 Akaash 1 Akachukwu 1 Akai 1 Akaljot 2 Akash 1 Akech 1 Aken 1 Akhand  1 Akhil 1 Akhilesh 1 Akif 1 Akili 1 Akinfolarin 2 Akira 1 Akongnwi 1 Aks 3 Aksel 1 Aksh 1 Akshar 1 Akshith 1 Akumsinachi 1 Alaa 1 Al-Amin 11 Alan 4 Alaric 1 Alasdair 1 Alben 17 Albert 1 Alberto 1 Albie 3 Alden 1 Aldin 2 Aldous 1 Aldridge 1 Aldrik 10 Alec 1 Aleck 1 Aleczander 1 Aled 14 Alejandro 1 Alek 2 Aleksa 1 Aleksandar 6 Aleksander 1 Aleksey 1 Alekxander 3 Alessandro 3 Alessio 29 Alex 180 Alexander 1 Alexander-Ali 6 Alexandre 1 Alexandro 2 Alexei 1 Alexey 2 Alexi  2 Alexis 1 Alexzandar 3 Alexzander 1 Alexzes 3 Alfie 6 Alfred 1 Alfred-Francis 1 Alfredo 1 Alfredsson 1 Alfrid 1 Alger 1 Alhaan 1 Alhamaam 1 Alhasan 1 Alhassan 45 Ali 1 Ali-Adam 1 Alifazil 10 Alistair 3 Alister 1 Alix 1 Aljames 3 Allan 7 Allen 1 Allistair 4 Allister 1 Allyzter 1 Almeer 1 Almir 1 Alon 1 Aloneo 1 Aloniel 2 Alonso 4 Alonzo 1 Alphomar 2 Alphonse 2 Alrik 1 Altay 1 Alton 1 Alucard 1 Alula 4 Alvin 1 Alwyn 1 Aly 1 Alyan 1 Alyd 1 Alyver 1 Alyxander  3 Amaan 1 Amadeo 1 Amadeo 1 Amadeus 1 Amado 1 Amadou 2 Aman 1 Amanpreet 2 Amanuel 3 Amar 2 Amare 1 Amari 1 Amaro 1 Amarpal 1 Amasias 1 Amaziah 2 Ambrose 1 Amear 1 Amedeo 2 Ameen 5 Ameer 1 Amell 5 Amen 1 Amen-Tesfageiorgish 2 Amer 1 Amery 1 Amias 1 Amiir 1 Amilio 1 Amin 1 Aminadab 17 Amir 1 Amis 1 Amitesh 2 Amitoj 1 Amjad 1 Ammanuel 2 Ammar 1 Ammon 1 Amoni 1 Amorie 5 Amos 1 Amour 1 Amr 1 Amraj 1 Amran 2 Amrit 2 Amtej  1 Anaek 1 Anahadbir 3 Anakin 1 Anania 1 Anant 2 Anantbir 6 Anas 1 Anatoly 1 Anav 1 Anay 2 Ander 7 Anders 1 Andersen 1 Anders-Ericsson 12 Anderson 1 Andile 1 Andon 1 Andor 24 Andre 3 Andre 6 Andreas 5 Andrei 1 Andreix 4 Andres 1 Andres 1 Andres 74 Andrew 4 Andrey 1 Andri 1 Andrie 1 Andriel 2 Andrik 1 Andronicus 1 Andronik 1 Andrzej 8 Andy 1 Aneek 1 Aneel 1 Anel 6 Angad 1 Angadbir 1 Angadjot 1 Angadveer 2 Angel 10 Angelo 9 Angus 1 Anhad 2 Aniq  2 Anirudh 1 Anjola 1 Ankit 1 Anmol 1 Anosh 1 Anrish 1 Ansar 3 Ansel 1 Ansen 7 Ansh 1 Anshdeep 10 Anson 1 Anthoney 1 Anthonio 59 Anthony 1 Anthyme 3 Antoine 4 Anton 2 Antoni 1 Antonino 13 Antonio 2 Antony 1 Anuari 1 Anush 1 Anwar 1 Anyar 1 Anze 1 Anzil 1 Aoki 1 Aous 4 Apollo 1 Apurv 1 Arad 2 Aram 2 Aran 1 Araoluwa 2 Aras 1 Arath 3 Arav 1 Arbiz 2 Arcadius 48 Archer 1 Archibald 4 Archie 1 Archillies 1 Archor 2 Arda 2 Arden  1 Ardeshir 1 Ardie 1 Ardil 1 Ardy 1 Arem 1 Aren 2 Ares 1 Arfaan 1 Arha 1 Arhaan 4 Arham 1 Arhum 15 Ari 1 Aria 4 Arian 1 Arie 2 Ariel 1 Arien 2 Aries 1 Ariez 1 Arif 3 Arik 1 Arin 3 Aris 2 Arish 1 Aristeidis 1 Aristotle 3 Arius 1 Ariyan 1 Ariz 7 Arjan 1 Arjon 13 Arjun 1 Arkan 1 Arkham 2 Arkin 2 Arlen 1 Arlie 1 Arlind 1 Arling 32 Arlo 1 Arlon 1 Arloni 17 Armaan 1 Armaanbir 1 Armaandeep 7 Arman 4 Armand  1 Armando 1 Armanjot 1 Armann 1 Armen 1 Armias 1 Armin 1 Armon 1 Arnab 8 Arnav 2 Arnel 1 Arnes 1 Arnik 1 Arnold 1 Arnv 1 Aron 1 Arop 1 Arou 1 Arpanpreet 1 Arran 1 Arrien 1 Arrol 1 Arseniy 4 Arsh 1 Arshaan 1 Arshan 1 Arshjit 1 Arshveer 1 Arsul 1 Arta 1 Artchiellus 1 Artem 3 Artemis 1 Arthikan 26 Arthur 1 Artin 1 Arturo 2 Arush 1 Arveer 2 Arvin 4 Arwin 1 Arya 9 Aryan 1 Aryanbir 1 Arye 1 Arzlan 2 Asa 1 Asad 1 Asahi  1 Asbel 1 Ascher 2 Ash 1 Ashal 3 Ashar 2 Ashe 86 Asher 1 Asher-Malcolm 1 Ashir 1 Ashraf 1 Ashray 1 Ashrith 55 Ashton 1 Ashton-lee 2 Ashur 1 Ashutosh 2 Ashwin 1 Ashyk 1 Ashyr 1 Asiel 1 Asiniy 1 Askari 1 Asongafeh 1 Assane 2 Aston 1 Astro 1 Aswat 1 Ateebul 1 Ateh 1 Atem 1 Ateng 1 Athan 1 Athanasios 1 Athanasius 2 Atharv 4 Atharva 13 Atlas 2 Atley 1 Atli 1 Atlin 1 Ato 3 Atreyu 1 Atsuhiro 1 Atteo 1 Attias 33 Atticus 1 Attila 1 Attycus  1 Atulya 1 Atzuki 4 Aubrey 3 Auden 1 Audien 4 Audric 1 Audrik 1 Audvik 11 August 1 Auguste 1 Augustine 13 Augustus 2 Aum 1 Aunyx 1 Aurelio 1 Aurick 1 Auryn 3 Austen 102 Austin 1 Austin-Tyler 6 Auston 2 Austyn 2 Avan 1 Avary 1 Aveer 4 Aven 1 Averey 41 Avery 6 Avi 1 Avidan 1 Aviel 1 Avies 1 Avighna 1 Avinoor 2 Avir 2 Aviraaj 1 Aviraj 1 Avishai 5 Avitaj 1 Avitaz 1 Avitej 1 Avlin 1 Avneet 3 Avner 1 Avnoor 1 Avon 1 Avott 2 Avraaj  1 Avraham 5 Avraj 1 Avram 1 Avtej 1 Avyn 2 Awab 1 Awat 1 Awes 2 Awesome 1 Aws 1 Awson 30 Axel 7 Axl 1 Axle 1 Axsen 8 Axton 17 Ayaan 1 Ayaaz 4 Ayan 1 Ayanle 1 Ayanleh 3 Ayansh 1 Ayaz 25 Ayden 11 Aydin 1 Ayeson 1 Ayhan 1 Aylan 1 Aymaan 7 Ayman 1 Aymes 1 Ayodeji 1 Ayomide 2 Ayoub 1 Ayrik 1 Ayris 5 Ayub 2 Ayush 1 Ayven 1 Ayverick-Lee 1 Ayyash 1 Ayyub 2 Azaan 2 Azad 1 Azarel 1 Azari 5 Azariah 1 Azarius  1 Azavion 1 Azazel 1 Azeez 1 Azel 1 Aziel 2 Aziz 1 Azlaan 4 Azlan 1 Azlund 1 Azra 2 Azrael 1 Azriel 1 Azzubair 1 Babatope 1 Bachanpreet 1 Badara 1 Bader 1 Baeden 1 Bah 1 Bahroz 1 Bai 1 Bailey 1 Baker 1 Bakos 1 Balazs 1 Balhaar 2 Balian 1 Balraj 1 Bamian 1 Baneetpal 1 Bansun 1 Banx 1 Baptiste 1 Baqeer 1 Barack 1 Baraka 1 Bardia 1 Barek 1 Bariiso 1 Barin 1 Barkat 1 Barkot 1 Barnabas 1 Barnaby 2 Baron 1 Barret 15 Barrett 1 Barrin  1 Barristan 1 Barron 1 Barry 1 Bartek 1 Bashir 1 Bashkim 1 Basil 1 Basim 1 Bassam 1 Bassem 2 Bastian 2 Bastien 1 Bastion 1 Bat-Erdene 4 Bauer 1 Bauzley 2 Baxter 2 Baxton 1 Baxtyn 1 Baylor 1 Bayne 1 Bazir-Ika 1 Bear 40 Beau 1 Beauden 1 Beaux 4 Beck 1 Beckam 46 Beckett 18 Beckham 1 Beckitt 1 Be'ede 1 Beerfateh 1 Behnam 1 Bekaa 1 Bekalu 1 Bekha 3 Belal 1 Bellamey 1 Bellamy 1 Bello 1 Belvin 17 Ben 1 Benaiah 2 Benedict 1 Benel 1 Benesi 3 Benett  1 Benial 2 Benito 1 Benjaman 1 Benjamen 252 Benjamin 1 Benjen 1 Benjermin 1 Bennet 124 Bennett 1 Bennett-Martin 1 Benni 1 Bennitt 11 Benny 1 Benoit 1 Benoit 3 Bensen 31 Benson 2 Bensyn 4 Bentlee 66 Bentley 1 Bentley-Hank-Gilbert 1 Bently 5 Benton 1 Benyamin 1 Benzley 1 Berchman 1 Bernard 3 Bernhard 1 Bernz 1 Berrick 1 Berwyn 1 Beryl 1 Best 1 Bevan 1 Bexim 1 Bezalel 1 Bhagat 1 Bhairava 1 Bhan 1 Bhavdalip 1 Bhavin 1 Bhavkawal 1 Bhavnoor 1 Bhavraj 1 Bhavroop 1 Biar-Isaac 1 Bikram 10 Bilal  1 Bill 2 Billy 1 Bina 1 Binab 1 Binam 1 Biney 1 Binyam 1 Birraa 1 Bisamaadh 3 Bishop 1 Bivan 2 Bjorn 1 Bjorn 4 Blaine 6 Blair 3 Blaise 80 Blake 1 Blayde 1 Blayke 3 Blayne 2 Blaze 1 Blin 1 Blue-Eagle 1 Blyss 1 Blythe 14 Bo 4 Boaz 1 Bobbi 2 Bobby 1 Bodan 1 Bode 3 Boden 2 Bodey 27 Bodhi 1 Bodhin 2 Bodi 9 Bodie 2 Boe 2 Bohdan 1 Bohdi 2 Bohdin 1 Bohdyn 1 Bo-James 1 Bokile 1 Boluwatiwi 1 Bona 3 Booker 1 Boone  1 Boris 2 Bosco 11 Boston 1 Boswell 1 Boubacar 1 Bow 2 Bowden 1 Bowdon 17 Bowen 1 Bowie 1 Bowofoluwa 1 Bowyn 1 Boyce 1 Boyd 1 Bozton 1 Bradan 12 Braden 13 Bradley 17 Brady 1 Braedan 6 Braeden 1 Braelin 1 Braevery 1 Brahim 3 Brahm 2 Braiden 2 Bram 1 Bran 2 Branden 25 Brandon 3 Brandt 1 Brandtly 2 Branson 1 Brant 14 Brantley 1 Brantly 1 Brantt 1 Brason 1 Brave 1 Braven 1 Braxon 1 Braxson 4 Braxten 22 Braxton 3 Braxtyn 1 Braxxton 1 Braxyn 1 Braydan  60 Brayden 5 Braydon 1 Braylen 1 Braysen 1 Braytin 2 Brayton 1 Brayzen 1 Bre 2 Brecken 2 Brekan 1 Breker 1 Brekken 1 Brekkyn 1 Bren 7 Brendan 1 Brendon 4 Brennan 1 Brennen 2 Brenner 2 Brent 5 Brenton 3 Breton 13 Brett 1 Breven 1 Brexton 1 Breydan 1 Breyden 1 Breyson 1 Breyten 14 Brian 1 Briar 1 Brice 1 Bridger 1 Bridwell 1 Brier 8 Briggs 3 Brigham 1 Brighten 2 Brighton 1 Bri-Lee 1 Bristol 1 Brixon 2 Brixten 3 Brixton 1 Broc 11 Brock 1 Broderick 14 Brodie  77 Brody 1 Broly 8 Bronson 1 Bronsyn 2 Bronx 2 Brook 3 Brooklyn 15 Brooks 1 Brosef 1 Broxton 21 Bruce 1 Brukh 4 Bruno 1 Brutus 1 Brux 11 Bryan 4 Bryant 17 Bryce 4 Brycen 6 Bryden 1 Brydon 2 Bryer 1 Brylan 1 Bryley 1 Brynjar 1 Bryntt 3 Brysen 25 Bryson 1 Bryton 1 Bryvin 1 Buck-Lee 1 Bulut 1 Buomkuoth 1 Burayd 2 Burhan 2 Burhanuddin 1 Burk 1 Burke 1 Burkley 1 Burl 3 Burton 2 Buruk 2 Buster 3 Byron 1 Caahys 1 Cacee 1 Cache 1 Cadan  16 Cade 26 Caden 1 Cadence 1 Cadenjay 3 Caeden 1 Caedryn 6 Cael 1 Cael 4 Caelan 1 Caeleb 4 Caelen 2 Caellum 2 Caelum 1 Caeser 1 Caeson 2 Cage 3 Cai 2 Caid 9 Caiden 1 Caidyn 2 Cain 3 Caine 1 Cainen 2 Cairo 1 Caison 5 Caius 1 Caizen 1 Cal 1 Calan 1 Calari 7 Calder 1 Caldin 4 Cale 114 Caleb 1 Calem 1 Calintz 1 Calix 1 Calixte 1 Callaghan 7 Callan 7 Callen 1 Callon 27 Callum 7 Calum 26 Calvin 1 Calyx 22 Camden 2 Camdyn  53 Cameron 1 Campbell 1 Camron 1 Can 2 Canaan 2 Canyon 1 Captain 1 Cardiel 10 Carl 2 Carlin 1 Carlitocruz 2 Carlo 9 Carlos 2 Carmelo 1 Carol 1 Carrey 1 Carrick 2 Carsen 66 Carson 1 Carsson 1 Carsten 1 Carston 1 Carsyn 152 Carter 1 Carter-King 1 Carthew 3 Carver 1 Cary 2 Casen 1 Caseus 22 Casey 25 Cash 1 Cashden 1 Cashin 1 Cashis 1 Cashner 3 Cashton 1 Casimir 1 Casius 3 Cason 2 Casper 2 Caspian 9 Cassius 1 Castiel-James 1 Cathal 1 Cato 1 Catson-Ace 3 Cavan  1 Cavin 10 Cayden 1 Cayle 1 Caylen 1 Cayli 3 Caysen 1 Caysin 5 Cayson 1 Cayston 1 Cazzwell 1 Cecil 4 Cedar 8 Cedric 3 Cedric 1 Cedric-Grayson 1 Cent 2 Cephas 1 Cervauntes 3 Cesare 2 Chace 6 Chad 1 Chadi 3 Chael 1 Chaelle 1 Chaim 1 Chajen 1 Champ 9 Chance 1 Changcheng 1 Chansu 1 Charan 1 Charit 73 Charles 1 Charles-Blake 1 Charleson 1 Charleston 62 Charlie 1 Charlie-Joseph 1 Charlitoz 56 Chase 2 Chaseton 1 Chaudhry 2 Chauncey 1 Chayden 1 Chayse 2 Chaz 1 Cheick 3 Cheikh  1 Chekk 1 Chengyou 1 Chenrui 1 Chenuk 1 Chenyu 1 Chesney 1 Chester 4 Chet 1 Chetan 3 Chevy 1 Cheydon 1 Chianulam 1 Chibudom 1 Chico 1 Chidubem 1 Chigozie 1 Chiguzorom 1 Chihiro 1 Chimere 1 Chinaeleobi 1 Chinedum 1 Chintan 1 Chip 1 Chiron 1 Chorus 1 Chouapi 1 Chouri 10 Chris 1 Chris-Anthony 1 Chris-Berny 1 Chriskeanu 1 Christapher 2 Christen 36 Christian 1 Christien 1 Christoff 31 Christopher 1 Chrys 1 Chrystopher 1 Chukwuemeka 1 Chukwuka 1 Chun 1 Chyme 3 Cian 3 Ciaran 1 Ciaran 1 Ciaran 2 Cillian  1 Cinna 1 CJ 1 Clancy 1 Clare 2 Clarence 29 Clark 1 Clark-Anthony 3 Clarke 1 Clark-Ryu 1 Claude 2 Clay 1 Claye 1 Claytin 10 Clayton 1 Cletus 1 Cleveland 5 Clifford 1 Clifton 5 Clinton 1 Clive 3 Clyde 3 Coby 14 Cody 11 Coen 1 Coeshyn 2 Cohan 62 Cohen 17 Colby 1 Colby-Octavious 46 Cole 1 Coleson 16 Colin 1 Coll 2 Collin 1 Colm 2 Colsen 4 Colson 10 Colt 10 Colten 1 Colter 1 Coltin 1 Coltlen 66 Colton 1 Comrie 2 Conall 1 Conan 1 Conin 1 Conlan  1 Conley 1 Conlin 1 Connell 1 Connely 14 Conner 1 Connery 128 Connor 22 Conor 6 Conrad 1 Conroy 1 Constantin 3 Constantine 84 Cooper 1 Corb 1 Corban 1 Corben 1 Corbett 32 Corbin 1 Corbyn 2 Cordell 4 Corey 1 Corin 3 Cormac 1 Cormick 5 Cornelius 1 Cornell 2 Corny 1 Corsin 1 Corson 1 Cort 1 Cortev 3 Cortez 1 Corvin 1 Corvo 1 Corwin 6 Cory 1 Corydon 1 Cosma 1 Costin 1 Cougar 1 Coulson 1 Courtlund 1 Courtney 1 Covenant 1 Coy 1 Cpurgen 1 Craiden 1 Craig  1 Crawford 1 Creed 1 Creedance 1 Creeden 1 Creedence 1 Creeland 1 Creston 1 Crew 1 Crickett 3 Cristian 2 Cristiano 1 Crosby 1 Croy 1 Cru 2 Crue 23 Cruz 1 Cruz 1 Crypton 1 Cuir 15 Cullen 2 Curran 10 Curtis 1 Cyann 1 Cylas 1 Cyle 1 Cylus 1 Cypher 1 Cyrell-Icao 2 Cyril 1 Cyrone 17 Cyrus 1 Cyruss 1 Daaem 1 Daberechukwu 1 Dacrius 1 Daeklan 1 Daelan 1 Dagim 1 Dagmawe 1 Dahir 1 Dahryis 1 Daijon 1 Dain 1 Daisuke 1 Dak 1 Dakar 1 Dakoda 4 Dakota  1 Dakrin 1 Dakshit 1 Dale 1 Dalin 2 Dallan 14 Dallas 1 Dalley 2 Dallin 1 Dalmar 6 Dalton 1 Dalyn 1 Damen 1 Dameon 27 Damian 1 Damian 10 Damien 2 Damion 15 Damon 3 Dan 1 Dana 1 Dandre 1 Dandrei 1 Dandy 11 Dane 1 Daneil 1 Dan'el 1 Dani 132 Daniel 1 Daniel 1 Daniel 1 Danishvir 3 Daniyal 14 Danny 20 Dante 1 Dante 1 Dany 1 Daon 1 Darany 3 Darcy 1 Darek 1 Darell 2 Darian 1 Dariel 4 Darien 1 Darin 5 Dario 1 Darion 1 Daris  9 Darius 1 Daro 1 Darrell 5 Darren 2 Darrian 1 Darrien 1 Darrin 3 Darrius 1 Darryl 1 Darryn 1 Darsan 3 Darsh 2 Darshan 1 Dartynien 1 Darvian 6 Darwin 1 Daryl 1 Daryn 1 Das 6 Dash 1 Dasham 1 Dashell 1 Dasheng 2 Dashiell 1 Dathan 1 Daud 1 Dauntay 2 Dave 1 Davian 107 David 1 David-ishmael 6 Davin 1 Davion 8 Davis 1 Davison 1 Davyn 1 Daweson 1 Dawit 1 Dawood 1 Dawoud 1 Dawsen 43 Dawson 1 Dawud 11 Dax 17 Daxon 4 Daxson 1 Daxsten 1 Daxston  1 Daxtin 36 Daxton 5 Daxtyn 1 Daxx 1 Daxyn 1 Daydrik 2 Daylen 1 Dayne 1 Dayo 1 Dayten-Anthony 5 Dayton 2 De 23 Deacon 3 Deagan 1 Deagen 1 Deaglan 1 Deak 2 Deakin 2 Deakon 19 Dean 1 Decan 1 Dechlan 1 Decimus 1 Decker 72 Declan 1 Declan 2 Declen 3 Declyn 1 Decowor 9 Deegan 1 Deelan 1 Deepkunwar 1 Deepson 1 Deeq 1 Deianelle 1 Dejan 1 Deken 1 Dekker 4 Deklan 1 Deklann 1 Deklin 1 Deklyn 1 Deklynn 1 Delano 1 Dellsyn 2 Demar 1 Demarco 1 Demari  1 Demetre 1 Demetri 1 Demetrious 1 Demetrius 1 Demetro 2 Demrick 1 Demyan 2 Denali 1 Denan 1 Deng 4 Denis 2 Deniz 9 Dennis 1 Denny 1 Denten 1 Denton 12 Denver 3 Denzel 6 Derek 1 Derick 1 Derow 5 Derrick 1 Derringer 1 Dersim 1 Desai 1 Desman 1 Desmen 13 Desmond 1 Destan 1 Destin 1 Deswood 2 Dev 1 Devadev 3 Devan 2 Devansh 1 Devarjun 6 Devin 1 Devitt 1 Devkaran 4 Devon 1 Dex 1 Dexel 7 Dexter 2 Dexton 1 Dexxon 1 Dezmen 1 Dezso 1 Dhanveer  1 Dhara 1 Dharm 1 Dhashvanth 1 Dhaya 1 Dheer. 1 Dheeran 1 Dhol 1 Dhrona 1 Dhruv 1 Dhruva 1 Dhvij 1 Dhyey 1 Diako-Ardashir 1 Diamond 1 Dian 1 Didac 1 Dideoluwa 7 Diego 1 Diekyn 1 Diesel 1 Dieter 1 Dietrich 1 Dihan 2 Dillion 6 Dillon 1 Dilpartap 1 Dilraaj 1 Dilshaan 1 Dilshan 1 Dimit 7 Dimitri 1 Dimitrie 1 Dimitrij 2 Dimitrios 1 Dimitrius 1 Dimitriv 1 Dinehl 1 Dinelka 1 Dinh 1 Dino 1 Diomar 1 Dion 3 Dirk 2 Divine 1 Divit 1 Divraj 3 Divyansh 1 Dixon  1 Diyaan 1 Diyon 1 Dmitri 1 Dodge 1 Domenic 83 Dominic 1 Dominic-Jace 10 Dominick 16 Dominik 2 Dominique 1 Domino 1 Dominyk 1 Domonic 1 Don 7 Donald 1 Donalien 1 Dondrae 1 Dongkhan 1 Dongkyu 2 Donivan 1 Donjuan 1 Donnetello 2 Donnie 10 Donovan 1 Dontae 1 Donte 1 Dorhian 5 Dorian 1 Doron 1 Dou 8 Douglas 1 Dovlet 1 Draco 1 Draden 1 Draedyn 1 Draiman 4 Drake 1 Draken 1 Draper 1 Drashya 1 Draven 1 Drayce 1 Drayk 1 Draymond 1 Drayson 1 Drayton 1 Drazic 3 Dreden  1 Dresden 2 Drevyn 11 Drew 1 Drexler 1 Dreyden 1 Dreyson 1 Dreyzon 1 Drishya 1 Dryden 1 Drykk 1 D'shaun-James 1 Duane 2 Dublin 1 Dublin-Maitland 5 Duke 1 Duke-Enzo 1 Dumahn 8 Duncan 1 Dunhcan 1 Dunn 1 Duo 1 Duol 1 Durand 1 Duressa 1 Durward 1 Dusk 7 Dustin 1 Dusty 1 Dut 2 Dutch 5 Dwayne 1 Dwight 1 Dyer 76 Dylan 1 Dyland 1 Dyllan 1 Eadin 3 Eamonn 1 eanna 1 Earl 1 Earth 6 Eason 2 Eastin 71 Easton 1 Eastyn 1 Eba 1 Ebaad 1 Ebenezer-Daniel  2 Eberly 1 Ebrahim 3 Ebubechukwu 1 Edan 1 Eddewin 5 Eddie 1 Eddison 1 Edem 5 Eden 1 Edenberg 1 Ederick 3 Edgar 2 Edin 13 Edison 3 Edmond 2 Edmund 1 Edom 1 edouard 1 Edrian 2 Edric 1 Edrick 1 Edris 2 Edson 1 Eduard 4 Eduardo 1 Edvard 31 Edward 10 Edwin 2 Edwyn 1 Eero 3 Eesa 1 Eesah 1 Eesak 1 Efosa 1 Efren 1 Egon 1 Ehan 1 Ehime 1 Ehklue 1 Eid 2 Eiden 1 Eik 1 Eikam 1 Eisa 1 Eishan 1 Eishin 1 Eisley 1 Eissa  1 Eiton 2 Eivin 1 Ejay 1 Ejiroghene 1 Ekaay 2 Ekam 1 Ekambir 1 Ekamdeep 2 Ekamjot 1 Ekin 1 Ekjot 1 Eklavya 1 Eknoor 1 Ekz 1 El 1 Elais 1 Elalo 1 Elan 2 Elden 1 Eldin 1 Eldon 2 Eleazar 1 Eleftherios 1 Elexander 1 Elhaan 1 Elhadj 1 Elhanan 81 Eli 3 Eliab 1 Eliakim-Amara 2 Elian 56 Elias 1 Elias 2 Elie 124 Elijah 1 Elijah-Kalonji 1 Elijah-Kennett-Jean 1 Eli-Jaxson 1 Elim 2 Elio 1 Eliot 1 Eliott 3 Elisha 1 Elisio 1 Eliyah 1 Elizeo 1 Elizer 1 Ellar  1 Elli 1 Ellice 44 Elliot 42 Elliott 1 Elliott-Jean 26 Ellis 2 Ellison 1 Ellis-Reid 1 Elmer 2 Elmi 1 Eloge 1 Elom 3 Elon 1 Elozona 1 Elric 1 Elroy 1 Elshan 1 Elton 1 Elvin 2 Elvis 1 Elwin 3 Elwood 2 Elwyn 2 Ely 1 Elya 1 Elyaas 3 Elyas 1 Elyjah 1 Elyon 1 Emad 1 Eman 3 Emanuel 1 Emaris 1 Embry 1 Emediong 2 Emeric 1 emeric 2 Emerick 1 Emerik 50 Emerson 2 Emersyn 12 Emery 1 Emeryk 2 Emil 2 Emile 2 Emiliano 6 Emilio 1 Emir  1 Emitt 21 Emmanuel 1 Emmerson 7 Emmet 114 Emmett 1 Emmit 5 Emmitt 1 Emran 1 Emre 1 Emreh 1 Emric 1 Emrys 3 Ender 1 Endri 1 Enitolayo 3 Enoch 1 Enrico 3 Enrique 18 Enzo 3 Eoghan 1 Eoin 3 Ephraim 1 Eragon 1 Erasmus 1 Erchis 1 Eremugo 1 Erhes 39 Eric 1 eric 3 Erich 2 Erick 20 Erik 1 Eris 1 Erl 5 Ernest 4 Ernie 2 Erny 1 Erum 1 Ervin 1 Erwin 2 Esa 1 Esey 1 Eshaandeep 1 Eshan 1 Eshanth 1 Esika 1 Esmail 1 Esmond  1 Esosa 4 Essa 1 Essam 4 Esteban 1 Esten 1 Estevan 1 Estin 1 Etan 205 Ethan 2 Ethaniel 1 Ethen 1 Ether 1 Ethyn 1 Etian 3 Etienne 1 Etras 1 Euale 3 Euan 6 Eugene 1 Eugenio 76 Evan 6 Evander 1 Evarist 1 Evariste 4 Everest 66 Everett 2 Everette 1 Everitt 1 Everson 1 Evett 1 Evgeni 1 Eviyog 1 Evryn 1 Evyn 10 Ewan 1 Excellent 1 Exelero 4 Eyad 1 Eyimofe 1 Eymen 1 Eyoab 1 Eyob 1 Eyobed 3 Eyoel 1 Eyu 1 Ezadin 3 Ezana 1 Eze  1 Ezekial 24 Ezekiel 1 Ezequiel 1 Ezeriah 1 Ezikel 1 Ezio 1 Ezio-Shae 53 Ezra 1 Ezrah 1 Ezriah 2 Fabian 1 Fabiel 1 Facundo 1 Fadil 1 Fahad 1 Faiz 2 Faizaan 1 Faizan 1 Fajr 1 Fame 1 Faniel 2 Fanuel 1 Faouzi 1 Faran 1 Fardin 1 Fares 1 Farhaan 2 Farhan 3 Faris 1 Farley 1 Farnz 1 Farouk 1 Farrel 2 Farrell 1 Farthanou 1 Farys 1 Farzad 1 Farzan 12 Fateh 2 Fatehbir 1 Fatehjit 1 Fatehjot 2 Fatehveer 1 Fatehvir 1 Fathil 1 Fawkes 1 Fehim 1 Feisal  1 Fekade 61 Felix 5 Felix 2 Fenan 1 Feng 1 Fengzhi 1 Fenway 1 Fenwick 1 Ferae 1 Feras 2 Ferdinand 3 Fergus 1 Ferguson 1 Ferlin 2 Fernando 1 Feynman 1 Fidencio 1 Fifth 1 Fiifi 5 Filip 1 Fin 1 Finbarr 1 Findlay 4 Finlay 31 Finley 47 Finn 10 Finnegan 3 Finnian 3 Finnick 5 Finnigan 1 Finnion 1 Finnix 1 Finnlee 6 Finnley 1 Finnly 1 Finot 1 Fintan 6 Fionn 1 Firas 3 Fischer 3 Fisher 1 Fitz 1 Fitzgerald 7 Fletcher 1 Flint 1 Floyd 7 Flynn 1 Flynt  1 Fnan 1 Folahanmi 1 Ford 3 Forest 1 Forqan 10 Forrest 2 Foster 1 Fouad 7 Fox 1 Fozi 1 Frances 1 Francesco 20 Francis 1 Francisco 4 Franco 1 Francois 1 Francois 13 Frank 4 Frankie 1 Franklen 6 Franklin 1 Franko 3 Franz 1 Franzor 3 Fraser 1 Frasier 1 Freddy 15 Frederick 2 Frederik 2 Fredrick 1 Freedom 2 Fritz 1 Fulton 1 Fungile 1 Furyan 2 Fynley 11 Fynn 1 Fynneon 1 Fynnick 1 Gabe 1 Gabel 1 Gaberiel 133 Gabriel 1 Gabriel-Allan 1 Gabrielius 2 Gabrielle 1 Gabriel-Matteo 1 Gabril  1 Gabrion 1 Gabryel 1 Gadswille 1 Gaebriel 1 Gael 29 Gage 1 Gagny 1 Gaige 1 Gaines 1 Gaius 1 Gal 1 Galata 2 Galen 1 Galvin 1 Gameli 1 Gamut 1 Gannan 3 Gannon 1 Garan 2 Garang 1 Garbriel 1 Garen 3 Gareth 1 Garett 2 Garnet 1 Garret 8 Garrett 1 Garrick 1 Garrison 4 Gary 1 Gaspare 1 Gaston 1 Gatlin 5 Gauge 1 Gaurav 1 Gautam 1 Gautham 1 Gaven 83 Gavin 1 Gavindeep 1 Gavinveer 1 Gavreel 1 Gavyn 1 Gearard 1 Gebreil 1 Gedai 1 Gedaliah 1 Gedion  1 Gelani 3 Genesis 1 Gentry 2 Geo 1 Geoffrey 1 Geony 66 George 1 George-Alexandru 1 Georges 1 Georgi 1 Geraint 4 Gerald 1 Gerard 1 Gerardo 1 Geremiah 1 Gerette 2 Germain 1 Gerock 1 Gerome 1 Gerrikdeyne 2 Gerrit 1 Gerritt 1 Ghiyan 1 Gia 6 Gian 1 Giancarlo 1 Gianlorenzo 3 Gianni 4 Gibson 15 Gideon 1 Gidiola 2 Gilbert 1 Giles 1 Giorgio 1 Giovan 6 Giovanni 3 Giuliano 1 Gjergj 2 Glen 2 Glenn 1 Glorious 1 Glyn 1 Glyndwr 1 Gnenekan 1 Goanar 1 Gobind 2 Godwin 1 Golden  1 Golibe 1 Gordey 11 Gordon 1 Gorje 1 Gospel 1 Govind 2 Gracin 1 Gradie 18 Grady 3 Graeme 3 Graeson 9 Graham 1 Grainger 1 Gram 17 Grant 9 Gray 2 Graycen 4 Grayden 3 Graydon 1 Grayer 7 Graysen 1 Graysin 145 Grayson 1 Greg 2 Gregor 10 Gregory 5 Grey 1 Greyben 1 Greydin 3 Greyer 1 Greysan 3 Greysen 1 Greysin 44 Greyson 1 Grier 2 Griffen 42 Griffin 1 Griffith 1 Griffyn 1 Griftyn 1 Grover 1 Gryffin 1 Gryzwald 1 Guillaume 1 Guillermo 1 Guled 1 Gunbir 1 Gundaas  11 Gunnar 9 Gunner 1 Gunraj 1 Guntaas 1 Guragm 2 Guransh 2 Gurbaaj 1 Gurbaazveer 1 Gurban 1 Gurdaas 1 Gurdeep 1 Gurdegh 1 Gurekam 6 Gurfateh 1 Gurhimmat 1 Gurjazz 3 Gurjot 1 Gurjoven 1 Gurkirat 1 Gurlal 1 Gurliv 3 Gurman 1 Gurnek 1 Gurnoor 1 Gurpartaap 1 Gurpreet 1 Gursahas 1 Gursahej 3 Gursahib 3 Gurshaan 1 Gursharn 1 Gurshaun 1 Gurshawn 1 Gursidak 1 Gurtaaj 1 Gurtegh 1 Gurvansh 1 Gurveer 1 Gurvir 2 Gurwaris 4 Gus 3 Gustavo 1 Gutu 1 Guy 1 Gwillym 1 Gyan 1 Haadi 1 Haayu  1 Habel 1 Haben-Ghirmalem 2 Habib 1 Haci 9 Hadi 1 Hadis 1 Hadley 1 Haeven 1 Haidar 1 Haiddyn 2 Haiden 3 Haider 1 Haines 1 Haiwang 1 Hajed 1 Hakam 1 Hakim 1 Haksh 2 Halen 1 Halo 1 Hamad 1 Hambal 2 Hamdan 1 Hamdi 2 Hamish 1 Hamuel 30 Hamza 1 Hamzah 1 Haneet 1 Hanes 1 Hanif 6 Hank 1 Hanlen 1 Hanley 2 Hans 1 Hansel 1 Hansen 2 Hanson 1 Hanyi 1 Hanz 1 Hanzo 1 Haochen 1 Ha-On 1 Harangad 1 Haransh 1 Harare 1 Harbin 1 Harbyn  1 Hardaiya 1 Harding 4 Hardy 1 Hareesh 1 Hareth 3 Harfateh 1 Hargrave 2 Hargun 8 Haris 1 Harjodh 2 Harjot 1 Harkamal 1 Harkirat 6 Harlan 1 Harlem 2 Harlen 9 Harley 2 Harlin 1 Harlyn 3 Harman 1 Harniv 1 Harniwaz 3 Harold 2 Haroon 2 Harper 7 Harris 1 Harrisen 78 Harrison 13 Harry 1 Harsamar 1 Harsh 1 Harshaun 1 Harsukh 1 Hart-Austin 1 Hartegh 1 Haru 2 Haruki 2 Harun 1 Harut 1 Haruto 1 Haruun 1 Harvansh 2 Harveer 15 Harvey 1 Harvin 1 Harvir 8 Hasan 1 Haseeb  1 Hashem 4 Hashim 2 Hashir 6 Hassan 1 Hassanein 1 Hassin 1 Hauk 3 Haven 2 Hawk 1 Hawke 1 Hawking 1 Hawksley 1 Hayan 2 Haydar 53 Hayden 1 Hayden-Douglas 1 Haydn 6 Hayes 1 Hayeston 2 Haynes 1 Hayson 2 Haytham 2 Hazen 1 Haziel 11 Heath 1 Heathen 2 Heaven 1 Heber 2 Hedley 3 Heinrich 1 Heinry 1 Heitham 1 Helix 1 Hemsley 3 Henderson 2 Hendrick 1 Hendrickito 1 Hendricks 7 Hendrik 25 Hendrix 1 Hening 1 Henish 4 Henley 1 Henndrix 2 Henok 1 Henos 3 Henri 1 Henrick  3 Henrik 145 Henry 2 Henryk 1 Henzley 1 Heran 1 Hercules 1 Herkus 1 Herman-Daniel 1 Hermon 1 Herschel 1 Hershel 1 Hervey 1 Hesham 1 Heston 1 Hewitt 5 Hezekiah 1 Hian 1 Hibram 1 Hiker 4 Himmat 1 Hinda 1 Hinten 1 Hiram-Abdoul 4 Hiro 1 Hiroki 1 Hiroto 1 Hiyansh 1 Hobbes 1 Hoche 24 Holden 1 Holdon 2 Holdyn 1 Holiday 1 Holland 2 Hollis 1 Holten 2 Holton 1 Homam 1 Hongji 1 Hongyi 1 Honieval 1 Honour 1 Hora 1 Horus 2 Hosea 1 Hossein 1 Hotaka 1 Hourad  3 Houston 1 Hrideypartap 1 Hriyan 1 Hubert 1 Huck 1 Huckleberry 1 Hudayfi 1 Hudsen 126 Hudson 1 Hue 9 Hugh 26 Hugo 1 Hukam 1 Humayl 2 Humzah 156 Hunter 3 Huntley 1 Husain 1 Husan 1 Husayn 1 Huseyin 2 Husnain 5 Hussain 10 Hussein 3 Hussien 1 Hustinx 2 Hutton 25 Huxley 1 Huxon 1 Huxten 1 Hyab 1 Hyun-Soo 32 Ian 1 Ian-Gabrielle 1 Iaonnis 1 Iarlaith 1 Ibraheem 40 Ibrahim 1 Ibrahima 2 Idrees 1 Idriis 8 Idris 1 Idriss 1 Iesa 1 Ifeoluwa 1 Ifraz 1 Igizeneza 1 Ignacio  1 Igzy 1 Ihlaan 1 Ihsan 1 Ikeoluwadayomi 3 Iker 1 Ikram 1 Ilhan 1 Ilias 1 Iliya 3 Ilya 1 Ilyaas 3 Ilyas 1 Ilyes 1 Imaan 1 Imari 1 Imbok 1 Imhotep 1 Immanuel 1 Imona 10 Imran 1 Imre 1 Inami 1 Inder 4 Indiana 2 Indy 1 Infinity 1 Ingvar 2 Inioluwa 1 Iorwase 7 Ira 1 Ireoluwatomiwa 1 Irfan 1 Iris 1 Iron 1 Irvin 1 Irvine 2 Irving 7 Isa 1 Isaa 141 Isaac 6 Isaak 2 Isaia 61 Isaiah 1 Isaic 1 Isfandiyar 7 Ishaan 1 Isham 3 Ishan  3 Ishaq 1 Isher 1 Ishmann 1 Ishver 1 Isiah 1 Isidro 1 Islah-Uddin 1 Islem 1 Isley 1 Ismaeel 3 Ismael 4 Ismail 1 Ismail 10 Israel 1 Israr 2 Issa 1 Issaac 8 Issac 1 Issah 1 IssHawk 1 Issia 1 Iteolu 2 Ithiel 1 I'toominaa 2 Ivaan 18 Ivan 1 Ivann 2 Ivar 1 Ivarr 1 Ivaun 6 Iver 1 Iverson 1 Ivin 1 Ivor 1 Ivory 1 Iyan 1 Izaac 1 Izaak 2 Izac 2 Izaiah 1 Izayah 1 Izik 4 Izyan 2 Izyk 1 Izzy 2 J.L. 1 Jaamil 1 Jaazer  1 Jabari 1 Jaber 70 Jace 1 Jacen 1 Jacey 197 Jack 1 Jack-Riley 137 Jackson 2 Jacksyn 187 Jacob 1 Jacob-Boldt 3 Jacobi 2 Jacobus 4 Jacoby 3 Jacques 1 Jacub 14 Jad 20 Jaden 1 Jadiel 1 Jadin 4 Jadon 1 Jadsan 1 Jadyn-Elias 1 Jae 2 Jaeden 1 Jaedon 2 Jaeger 1 JaeHo 1 Jaeko 1 Jael 1 Jaelen 1 Jaewon 1 Jaezer 2 Jafar 1 Jaffer 1 Jager 1 Jaggar 9 Jagger 1 Jahan 1 Jahanzeb 1 Jahdiel 1 Jahiem 1 Jahkobi 1 Jahlil 1 Jahvel 1 Jahvonny 1 Jahziah 3 Jai  7 Jaiden 1 Jaidyn 1 Jaimason 2 Jaime 1 Jaimeson 1 Jairel 1 Jairo 4 Jairus 1 Jaitaj 3 Jaiveer 1 Jaiven 62 Jake 2 Jakk 20 Jakob 1 Jakob-Calvin 1 Jakobus 1 Jakolby 1 Jaks 1 Jaksh 3 Jakub 3 Jalal 2 Jaleel 2 Jalen 1 Jalil 1 Jalwan 1 Jamaal 8 Jamal 1 Jamari 4 Jameel 174 James 1 Jamesley 1 James-Michael 11 Jameson 1 Jamesron 1 James-Wani 1 Jamey 13 Jamie 2 Jamieson 1 Jamil 3 Jamison 10 Jan 1 Janak 1 Janliam 2 Janson 3 Japbir 2 Japhet 1 Japman 2 Japnaam  1 Japnam 1 Japnoor 11 Jared 3 Jaren 1 Jarius 1 Jarock 1 Jarod 2 Jarome 2 Jaron 1 Jarred 1 Jarrel 2 Jarren 2 Jarris 1 Jarrius 1 Jarrix 3 Jarvis 1 Jarvis-Clarke 19 Jase 1 Jasen 1 Jashan 1 Jashandeep 1 Jasiel 1 Jaskaran 1 Jaskirat 1 Jasman 47 Jason 61 Jasper 3 Jasraj 1 Jasveer 1 Javan 1 Javen 3 Javier 3 Javin 5 Jawad 1 Jawdat 1 Jawill 22 Jax 1 Jax-Carter 7 Jaxen 3 Jaxin 1 Jax-Johnathon 104 Jaxon 60 Jaxson 1 Jaxstin 1 Jaxston 1 Jaxsyn 1 Jaxtan 1 Jaxten  10 Jaxton 8 Jaxx 1 Jaxxen 5 Jaxxon 1 Jaxzyn 7 Jay 1 Jayad 1 Jayaguru 1 Jayan 28 Jayce 1 Jaycee 1 Jayceon 1 Jayceton 1 Jaycob 1 Jaycub 1 Jaydeep 98 Jayden 1 Jayden-Joel 1 Jaydon 1 Jaye 1 Jayen 1 Jaylen 1 Jaylon 1 Jayme 1 Jaymes 1 Jaymz 1 Jaynan 1 Jaynielle 1 Jayrelle 2 Jayse 1 Jaysek 6 Jayson 1 Jayteg 1 Jaythan 1 Jayvelin 1 Jayven 1 Jayvion 1 Jayvon 1 Jayvyn 1 Jayzer 1 Jaze 1 Jazen 1 Jazive 1 Jazper 1 Jazz 1 JC 1 JD 2 Jean  1 Jeankuh 1 Jean-Luc 1 Jean-Marc 1 Jean-Mathieu 1 Jean-Michel 1 Jeayar 1 Jed 1 Jedaiah 2 Jediah 4 Jedidiah 1 Jedidiah-James 3 Jeevan 1 Jeewan 3 Jeff 1 Jefferson 2 Jeffraj 8 Jeffrey 1 Jefvray 1 Jehiel 1 Jehru 1 Jelani 1 Jelson 2 Jem 1 Jenner 1 Jennson 1 Jenrick 11 Jensen 3 Jenson 1 Jeo 1 Jeoff 1 Jeorge 1 Jeramiah 22 Jeremiah 1 Jeremias 30 Jeremy 3 Jeriah 5 Jericho 1 Jerick 1 Jeriel 1 Jerimiah 1 Jermaean 1 Jermaine 1 Jermelle 3 Jerome 1 Jerren 1 Jerrod 1 Jerry 1 Jerwin  1 Jesaih 1 Jeshvik 2 Jesiah 33 Jesse 1 Jessen 1 Jessey 1 Jessica 2 Jessie 1 Jess-Ryan 1 Jester 1 Jestin 2 Jeston 1 Jesus 2 Jet 1 Jeter 2 Jethro 1 Jetlan 21 Jett 1 Jetton 1 Jevan 1 Jevon 1 Jeyrick 1 Jeziah 1 Jezreel 1 Jhaiden 1 Jhase 1 Jhayden 1 Jhazzter 1 Jheizenn 1 Jhenrique 1 Jhethro 1 Jhian 1 Jiade 1 Jiah 1 Jialiang 3 Jian 3 Jibreel 1 Jibril 2 Jidenna 1 Jiero 1 Jigar 1 Jihad 2 Jiho 1 Jillian 2 Jim 5 Jimmy 1 Jin 1 Jindh  1 Jinyu 1 Jiraiah 1 Jireh 1 Jiten 1 Jiyaan 1 Joachim 2 Joan 1 Joanasie 9 Joaquin 2 Joas 1 Joba 1 Jobe 1 Joc 1 Jodh 1 Jodha 1 Jodhvir 1 Jody 3 Joe 1 Joearth 28 Joel 1 Joem 1 Joerge 1 Joesh 7 Joey 9 Johan 4 Johann 1 Johannes 1 Johanny 1 Johar 1 Johhny 98 John 13 Johnathan 1 Johnathon 1 John-Carlo 1 John-Duke 1 Johnfrey 1 John-James 1 John-Mark 10 Johnny 1 Johnny-Peng 1 John-Paul 2 Johnson 1 Johntae 1 Johny 2 Jolan 1 Jole 1 Jomen 2 Jon  22 Jonah 1 Jonaithan 11 Jonas 40 Jonathan 6 Jones 1 Jonesy 1 Jonovan 1 Jood 1 Jooh 1 Joowon 1 Jopaul 2 Jorawar 56 Jordan 1 Jordane 1 Jordel 2 Jorden 1 Jordi 1 Jordie 4 Jordy 3 Jordyn 1 Joren-James 3 Jorge 2 Jory 6 Jose 2 Jose 2 Josef 1 Josen 82 Joseph 1 Joseph-Raymond 8 Josh 116 Joshua 34 Josiah 1 Joss 1 Josue 1 Josue 1 Joud 3 Jovan 3 Joven 1 Jovi 2 Jovian 2 Jovin 1 Jovit 1 Jovith 1 Joyan 1 Joyman 2 Joziah 2 Jr. 1 Jreyvan  7 Juan 1 Juancho 1 Juantonnio 9 Judah 50 Jude 2 Judson 1 Jugraj 1 Juhan 1 Juhsious 1 Jujhar 1 Julen 3 Jules 29 Julian 13 Julien 1 Julio 2 Julius 2 Jullian 1 Jun 1 Junard 1 Junayd 1 Juniper 1 Juno 1 JunQi 1 Juntao 1 Jupiter 5 Justice 38 Justin 1 Justinjot 3 Justus 1 Jyo 1 Kaan 1 Kaaraj 1 Kabeal 3 Kabeer 1 Kabelo 1 Kabian 8 Kabir 5 Kace 3 Kacey 3 Kache 1 Kachiside 1 Kadamveer 28 Kade 1 Kadeem 24 Kaden 1 Ka'den 2 Kadence 1 Kadison  1 Kadmiel 1 Kadrial 1 Kaeden 3 Kael 1 Kaelen 1 Kaeon 2 Kaesen 2 Kaeson 1 Kafzen 1 Kagan 4 Kage 1 Kahlil 1 Kahne 63 Kai 1 Kaian 1 Kai-Austin 1 Kaidan 1 Kaide 29 Kaiden 1 Kaidyn 1 Kaifeng 1 Kaikoa 1 Kail 1 Kailem 1 Kailen 1 Kailer 5 Kain 1 Kaine 1 Kainen 1 Kaio 2 Kairav 4 Kairo 1 Kairos 1 Kaisaac 3 Kaisen 5 Kaiser 2 Kaison 1 Kaisyn 2 Kaito 3 Kaius 1 Kaivion 1 Kaiwan 1 Kaiyi 1 Kaiz 1 Kaizer 1 Kaizlee 1 Kaizyn 1 Kalahn  1 Kalden 4 Kale 36 Kaleb 1 Kaleb-Lee 1 Kaled 2 Kalel 2 Kal-el 1 Kal-El 1 Kalem 6 Kalen 1 Kaleston 1 Kali 1 Kalib 1 Kalid 1 Kalin 1 Kallan 3 Kallen 2 Kalob 2 Kalum 1 Kamal 1 Kamari 2 Kamden 3 Kameron 2 Kamran 1 Kamsi 1 Kamsiyochi 1 Kamuiike 2 Kanaan 1 Kanada 1 Kaname 1 Kanan 1 Kanav 1 Kandren 17 Kane 1 Kanen 1 Kanish 1 Kankavee 1 Kannan 1 Kannon 2 Kanon 1 Kanwarjot 1 Kanwarmohar 7 Karam 1 Karamjodh 1 Karanjot 1 Karanvir 10 Kareem 3 Karim  8 Karl 1 Karl-Neto 1 Karm 1 Karman 1 Karmann 3 Karsen 1 Karsin 15 Karson 1 Karst 4 Karsten 1 Kartar 13 Karter 1 Karthikkgheya 1 Karver 1 Karzon 1 Kas 1 Kasai 1 Kasalaya 6 Kase 1 Kasem 4 Kasen 3 Kasey 1 Kaseyn 17 Kash 1 Kasheton 1 Kashis 1 Kashlin 1 Kashtin 7 Kashton 2 Kashtyn 2 Kashus 1 Kasindi-Ombe 1 Kaslo 8 Kason 3 Kasper 1 Kass 1 Kassem 2 Kassian 2 Kastiel 1 Kasyn 1 Katjavivi 1 Katjo 1 Katlin 5 Kato 1 Kavan 1 Kaveer 1 Kaveh 1 Kaven  3 Kavin 1 Kavir 1 Kavish 1 Kavyn 1 Kaway 1 Kawhii 1 Kayaan 1 Kaycen 1 Kayd 1 Kayde 59 Kayden 1 Kayden-Kevin 2 Kaydon 1 Kaydyn 1 Kayengo 1 Kayge 1 Kayhan 1 Kayl 1 Kaylan 4 Kayleb 2 Kaylen 1 Kayler 1 Kayllem 1 Kaylub 1 Kaynaan 1 Kaynan 1 Kaynon 1 Kayo 1 Kayron 3 Kaysan 3 Kaysen 1 Kaysin 11 Kayson 1 Kayvence 1 Kayzen 4 Kaz 1 Kazi 1 Kazim 1 Kazin 2 Keagan 1 Kean 2 Keanan 1 Keane 2 Keanu 1 Keaston 16 Keaton 1 Keefer 18 Keegan  1 Keelan 1 Keelen 6 Keenan 1 Keerat 1 Keestin 1 Keeton 1 Kehew 1 Kehlan 1 Keidon 1 Keira 3 Keiran 1 Keiston 6 Keith 1 Keitha 1 Keithen 1 Keithley 1 Keivyn 1 Kelan 1 Keldan 1 Kelechi 7 Kellan 4 Kellen 1 Kellett 4 Kelly 1 Keltin 3 Kelton 4 Kelvin 1 Kemar 1 Kemp 1 Kempner 1 Kemuel 5 Ken 2 Kenai 5 Kenan 1 Kendal 1 Kendall 1 Kendell 1 Kendric 16 Kendrick 1 Kendrick-Kingsly 3 Kendrix 1 Kendryx 1 Kenechukwu 1 Keneth 8 Kenji 1 Kennard 2 Kennedy 18 Kenneth  1 Kenrie 1 Kenshin 1 Kent 1 Kentaro 1 Kento 4 Kenton 1 Kenz 1 Kenzie 5 Kenzo 3 Keon 1 Kepler 1 Kepplin 1 Kerem 1 Keshav 3 Kesler 2 Kessler 1 Kesten 1 Kester 1 Keston 19 Kevin 1 Kevon 1 Keyaan 4 Keyan 1 Keyanew 1 Keyen 2 Keynan 1 Keyo 1 Keyon 1 Keyush 1 Keziah 2 Khadar 1 Khalani 2 Khaled 1 Khaleed 1 Khaleel 8 Khalid 1 Khalif 3 Khalifa 6 Khalil 1 Khalil-Hassan 1 Khantugs 1 Khari 1 Khasiy 1 Khavish 1 Khazin 1 Khian 1 Khizar 1 Kholson  1 Khordy 1 Khrae-jr 1 Khyle 4 Kiaan 1 Kiaayo 26 Kian 1 Kianan 1 Kiavash 4 Kidus 3 Kiefer 1 Kiehl 1 Kiel 1 Kienan 1 Kienh 20 Kieran 1 Kierzen 1 Kiffer 1 Kihew 1 Kihiw-Shaquille 1 Kikioluwa 2 Kilian 1 Killean 13 Killian 1 Killion 1 Kilroy 1 Kilyeen 1 Kim 1 Kimia 2 Kinan 4 King 1 King-David 12 Kingsley 42 Kingston 1 Kingzen 1 Kinley 1 Kinsey 3 Kip 1 Kipling 5 Kipton 2 Kiptyn 1 Kira 2 Kiran 1 Kirani 3 Kirby 1 Kiril 3 Kirk 1 Kirubel 2 Kishan  1 Kitai 1 Kix 3 Kiyan 1 Kiyano 1 Kiyoshi 1 Klaas 1 Klark 3 Klay 1 Klaye 1 Klevis 1 Klifton 1 Klinch 1 Klyde 1 K'Mari 1 Knight 1 Knighton 1 Knowledge 24 Knox 4 Knoxley 1 Knoxlyn 4 Knoxx 3 Koa 1 Koayuki 6 Kobe 2 Kobi 1 Kobimtochi 1 Kobin 2 Koby 6 Koda 4 Kody 1 Koehn 19 Koen 1 Kohan 12 Kohen 2 Kohl 1 Kol 2 Kolbe 1 Kolbi 3 Kolby 4 Kole 1 Kolson 7 Kolt 4 Kolten 1 Kolter 3 Kolton 1 Kona 1 Konley 2 Konner  3 Konnor 1 Konor 3 Konrad 3 Konstantin 1 Konway 1 Kooda 2 Kooper 1 Korab 1 Korban 2 Korben 6 Korbin 2 Korbyn 1 Korlin 1 Kory 1 Ko'shae 2 Kosisochukwu 1 Kosta 1 Kostan 1 Kourage 1 Kovan 1 Kovar 1 Koven 1 Kovi 1 Kovyn 1 Kowen 1 Kraiden 1 Kratos 1 Kravin 1 Kraystin 1 Krayton 1 Krew 1 Krihaan 3 Kris 4 Krish 1 Krishav 2 Krishay 1 Krishaye 1 Krishikram 1 Krishiv 1 Krishnav 1 Kristen 3 Kristian 1 Kristofer 1 Kristoff 4 Kristopher 1 Krithik 1 Kroy 1 Krue  1 Kruse 1 Krush 4 Kruz 3 Kruze 1 Krystian 1 Krystof 1 Krystyan 1 Kual 1 Kublai 1 Kuel 1 Kullen 1 Kulraaz 1 Kulraj 1 Kulvir 1 Kumail 1 Kunga 3 Kuol 1 Kuot 7 Kurt 5 Kurtis 2 Kush 2 Kushal 1 Kutcher 1 Kuwar 1 Kuwayni 1 Kwadwo 1 Kwasi 1 Ky 1 Kyalo 2 Kyan 4 Kyden 4 Kye 1 Kyeann 1 Kyell 1 Kyhler 6 Kylan 1 Kyland 5 Kylar 27 Kyle 15 Kyler 1 Kylin 1 Kylind 2 Kylo 1 Kymani 1 Kynan 1 Kyon 1 Kyptin 1 Kyran  1 Kyree 2 Kyren 1 Kyrian 14 Kyrie 1 Kyril 1 Kyrin 4 Kyro 2 Kyron 1 Kyrylo 1 Kysik 10 Kyson 1 Kyuss 1 Kyvory 1 Kyzer 1 Kyzik 32 Lachlan 1 Laiken 2 Laine 1 Laiven 3 Laken 1 Laksh 1 Lakshay 1 Lalisa 1 Lamar 1 Lamek 1 Lamont 14 Lance 1 Lance-Emanuelle 2 Landan 3 Landen 65 Landon 2 Landry 6 Landyn 15 Lane 1 Larken 1 Larkin 1 Larksen 3 Larry 3 Lars 1 Larsen 1 Laskee 1 Laszlo 1 Latjor 1 Lauchlin 1 Laughlin 2 Laurent 1 LawDan 8 Lawrence  1 Lawrenz 17 Lawson 1 Layklin 1 Laylin 7 Layne 1 Layne-Aeron 1 Layo 2 Layth 4 Layton 2 Lazarus 1 Lazarus-Lawrence-James 1 Lazzarus 1 Leaman 2 Leander 3 Leandro 1 Leandro 1 Lebron 1 LeDane 1 Leddy 4 Lee 1 Leeam 1 Leelan 1 Leellsaa 1 Leevin 3 Legend 1 Legion 8 Leif 1 Leigh 4 Leighton 1 Leiris 1 Leithan 1 Lekith 7 Leland 1 Lelynd 2 Lemmy 2 Lemuel 1 Len 1 Lenjiso 15 Lennon 23 Lennox 1 Lenny 1 Lenox 1 Lenroy 1 Lenyn 87 Leo 1 Leo 20 Leon  1 Leon 10 Leonard 17 Leonardo 1 Leonel 1 Leonid 8 Leonidas 2 Leopold 1 Leopold 1 Leor 2 Leroy 1 LeShawn 1 Lessandro 1 Lester 1 Leuwen 3 Lev 1 Levhi 91 Levi 1 Levi-Ray 1 Levjon 3 Levon 1 Lewi 1 Lewie 19 Lewis 1 Lewiston 1 Lex 2 Lexon 2 Leyton 1 Lezarus 1 Lhiam 277 Liam 1 Liam-Malachi 1 Lias 1 Liav 2 Liban 1 Liborius 1 Lien 1 Liev 1 Lightning 1 Likem 1 Lil 1 Linclon 192 Lincoln 8 Linden 2 Link 4 Linken 1 Linkhin 6 Linkin 5 Linkoln  1 Linkon 1 Linkyn 3 Linus 1 Lion 2 Lionel 1 Lirik 1 Lisandro 1 Lishane 1 Livinu 1 Livith 1 Llewyn 3 Lloyd 1 Loch 22 Lochlan 1 Lochlann 1 Lochlynn 1 Locke 1 Locklin 1 Locryn 1 Loel 174 Logan 1 Login 1 Loic 2 Loic 1 Loik 5 Loki 1 Lokoda 1 Lonan 4 London 1 Lonny 15 Lorenzo 1 Lorik 2 Lorne 1 Lou 1 Loucas 1 Loughlan 1 Loui 3 Louie 20 Louis 1 Louise 1 Louka 1 Lourd 1 Lovejit 2 Lovepreet 4 Lowen 1 Lual 1 Luander 1 Luay  7 Luc 46 Luca 5 Lucan 247 Lucas 8 Lucca 4 Lucian 4 Luciano 4 Lucien 1 Lucio 1 Lucius 1 Lucus 8 Luis 19 Luka 3 Lukah 1 Lukan 1 Lukano 49 Lukas 1 Lukasz 1 Lukaz 132 Luke 1 Luke-Xandrey 1 Lukiah 1 Lukka 1 Lundy 1 Lunik 1 Luqmaan 2 Luqman 1 Luther 1 Luut 1 Luvi 1 Lwezi 1 Lyam 1 Lycan 1 Lyka 3 Lyle 4 Lynden 4 Lyndon 2 Lynkin 1 Lynkyn 1 Lyon 3 Lyric 1 Lyrik 2 Lysander 1 Lyzon 1 Ma 1 Maadhav 1 Maamoun 1 Maanav  1 Maaz 1 Mabior 4 Mac 1 Macauley 1 MacElroy 8 Mack 1 Macka 1 Mackan 1 MacKay 5 Mackenzie 1 MacKenzie 1 Mackenzy 1 Mackinon 6 Macklin 1 Macklyn 2 Mackoy 1 Mackson 1 MacLaine 4 Maclean 1 MacLean 1 Macoy 1 Maddax 12 Madden 4 Maddex 2 Maddix 1 Maddoc 33 Maddox 1 Madhav 1 Madix 1 Madnus 1 Mael 1 Magarsa 1 Magloire 1 Magni 6 Magnus 1 Magot 1 Maguire 1 Maha 3 Mahad 1 Mahalaleel 1 Mahan 1 Mahar 1 Mahat 5 Mahdi 1 Maheepraj 1 Maheer 3 Maher 1 Mahesh  1 Mahiir 2 Mahir 3 Mahmoud 1 Mahmud 1 Mahtab 1 Maikol 2 Maison 1 Majed 1 Majestic 1 Majlok 1 Majok 1 Major 1 Mak 1 Makael 1 Makai 2 Makaio 1 Makaney 2 Makbel 1 Makhi 1 Maklen 11 Maksim 1 Maksis 3 Maksym 1 Malachai 14 Malachi 1 Malachy 13 Malakai 1 Malaki 1 Malay 25 Malcolm 1 Maleek 1 Maleeq 7 Malek 1 Malick 1 Maliek 21 Malik 1 Malikai 1 Malik-Braz 1 Malik-Dominic 1 Maliq 1 Malique 1 Maliyis 1 Malu 1 Malyjah 3 Mamadou 1 Mamoudou 1 Mamun 1 Manan  1 Manav 1 Maneet 1 Manesh 1 Manit 1 Manjaap 1 Manjul 4 Mankirat 2 Mankirt 1 Mann 1 Manning 3 Mannix 1 Manon 1 Manpartap 1 Manqoba 1 Manraaj 3 Manraj 1 Manroop 2 Mantaj 1 Mantajveer 1 Mantram 2 Manuel 2 Manveer 1 Manvir 9 Marc 2 Marcel 2 Marcello 1 Marcellus 2 Marcelo 1 Marc-eric 1 Marchland 1 Marciano 11 Marco 2 Marcos 76 Marcus 5 Marek 1 Marian 2 Mario 1 Marionne 1 Marious 3 Marius 24 Mark 1 Markel 1 Markian 1 Markjustine 1 Marko 2 Markon 1 Mark-Tudor 32 Markus  1 Markwil 1 Marl 2 Marley 1 Marlow 1 Maroun 1 Marqos 1 Marquel 1 Marqus 1 Marsden 2 Marshal 18 Marshall 1 Marshyll 1 Marten 17 Martin 1 Marvin 4 Marwan 1 Marwell 1 Marx 1 Mar'yan 1 Maseeh 5 Masen 1 Masihullah 140 Mason 1 Masood 1 Masroor 1 Massimo 3 Masud 1 Masum 1 Mat 1 Mataes 1 Matahn 1 Matais 2 Matan 1 Matas 1 Matej 37 Mateo 1 Mateo 1 Mateos 1 Mateus 1 Mathayus 2 Matheo 1 Mathers 10 Mathew 10 Mathias 6 Mathieu 2 Mathis 1 Mathis-Joseph 2 Mati  8 Matias 1 Matias 1 Matias-Lee 1 Matjiua 1 Matrim 7 Matt 1 Mattay 22 Matteo 1 Matteo 1 Matthaios 1 Matthais 108 Matthew 1 Matthew-Daveans 1 Matthew-Dominik 9 Matthias 1 Matthijs 1 Matthyus 2 Mattia 1 Mattias 1 Mattic 1 Matty 1 Matus 1 Matvii 1 Maurice 2 Mauricio 1 Mauro 58 Maverick 3 Maverik 1 Maverrick 1 Mavrik 1 Mavryck 93 Max 1 Maxence 9 Maxim 6 Maxime 1 Maximian 16 Maximilian 4 Maximiliano 4 Maximillian 1 Maximino 2 Maximo 40 Maximus 1 Maxliam 2 Maxon 1 Maxson 1 Maxsym 5 Maxton 44 Maxwell  2 Maxx 1 Maxxamis 1 Maxxon 1 Maxxton 1 Mayalo 1 Maynard 1 Mayowa 4 Mayson 1 Mayzler 3 Mazen 1 Mazin 1 Mborti 2 McCoy 2 Mckinley 1 McKinley 1 McKinnon 1 Mckinnon 1 McKyle 1 Medet 1 Meek 1 Meharbi 2 Mehdi 1 Mehjaan 1 Mehmet 1 Mehran 2 Mehtaab 3 Mehtab 2 Mehtaj 1 Meiko 1 Meilleur 1 Meinard 3 Mekhi 1 Mekseb 1 Mel 1 Melchristian 1 Melido 1 Melkidivine 3 Melvin 3 Memphis 1 Memphis-Ray 1 Mendel 1 Meraj 1 Mercer 5 Merek 1 Merle 1 Merlin 6 Merrick 1 Mervin  1 Merwan 1 Mesgana 1 Messi 1 Metehan 1 Meydan 3 Meyer 1 Mhykoh 2 Mian 1 Mica 31 Micah 3 Micaiah 105 Michael 1 Michael-Ace 1 Michael-Sonel 5 Micheal 2 Michel 1 Mickael 1 Mickey 1 Mico 1 Micolson 1 Midori 1 Mieko 1 Miftah 1 Mifyaz 14 Miguel 1 Mihail 1 Mihir 1 Mihran 2 Mika 1 Mikaeel 1 Mika'eel 6 Mikael 1 Mikah 1 Mikail 1 Mikasi 3 Mike 3 Mikel 1 Mikha 1 Mikhael 5 Mikhail 1 Mikias 1 Mikilo 1 Mikita 1 Mikka 2 Mikko 2 Miko 1 Mikolaj 1 Milad  5 Milan 1 Mile 27 Miles 1 Milkias 7 Miller 25 Milo 1 Milos 2 Milton 1 Minas 1 Mingshu 1 Mir 1 Miracle 1 Mirko 1 Mirza 1 Misam 2 Misha 1 Mitchel 6 Mitchell 1 Mithran 1 MJ 1 Moafaq 1 Moamen 1 Moath 1 Mobin 1 Mofiyinfoluwa 2 Moha 9 Mohamad 1 Mohamadou 42 Mohamed 1 Mohamedamiin 1 Mohamedamin 1 Mohamed-Amin 1 MohamedKhadar 1 Mohamed-Khalif 28 Mohammad 1 Mohammad-Aasif 1 Mohammad-Azhaan 1 Mohammadsoheil 31 Mohammed 1 Moheeb 1 Mohi 1 Mohib 6 Mohid 1 Mohinder 1 Mohkam 1 Mohseen 1 Moise 1 Mojolaoluwa  1 Mojtaba 1 Moksha 1 Mo'Men 1 Mon 1 Monfils 1 Monte 3 Montgomery 1 Montye 3 Moosa 1 Moosis 1 Mordekai 9 Morgan 1 Morgon 1 Morley 1 Morning 1 Morountodun 1 Morris 1 Morrison 1 Morriz 1 Mosawir 7 Moses 1 Mosunmade 1 Motaa 1 Motasim 2 Mouad 1 Mouhamadou 2 Mouhamed 2 Mouhammad 3 Mousa 1 Moyosoore 1 Mozamil 1 Mozes 1 Moziah 3 Muadh 1 Muayad 1 Muaz 1 Mubarak 1 Mueez 1 Mugdho 1 Muhab 3 Muhamad 70 Muhammad 5 Muhammed 1 Muhanad 1 Muhannad 1 Muhsenat 1 Muizz 1 Mujab  1 Mujtaba 1 Munachimso 1 Muneer 1 Munet 1 Munro 1 Muoch 1 Muqtadir 2 Murad 1 Murphy 3 Murray 1 Murtaza 11 Musa 1 Musaab 3 Musab 1 Mus'ab 1 Mus'ad 1 Musadiq 1 Musawwir 1 Mushabizi 1 Musie 1 Mussa 6 Mustafa 1 Mutahar 1 Mutare 1 Muzon 1 Mxolisi 1 Myceon 3 Myer 1 Myk 1 Myka 1 Mykola 26 Myles 2 Mylo 1 Myrion 1 Myron 1 Myrone 1 Naamjas 1 Nabeel 1 Nabi 4 Nabil 1 Nadan 1 Nadeem 1 Naeem 1 Nael 1 Naetochukwu 1 Nafeesfiqri 1 Nahel 6 Nahom  1 Nahum 1 Nahyan 1 Naiden 1 Naiher 1 Naikveer 1 Naithan 1 Najeeb 1 Najib 1 Nakai 1 Nakeem 2 Nakoa 1 Namah 1 Naman 2 Namu 2 Nana 1 Nani 1 Naod 1 Naol 1 Narayan 1 Narsiesse 1 Naryan 2 Naseem 1 Naser 60 Nash 1 Nasir 1 Nasri 1 Nasteex 1 Nataho 4 Natan 1 Natan 1 Natane 25 Nate 154 Nathan 7 Nathanael 1 Nathandreal 1 Nathanel 1 Nathanial 1 Nathanie 62 Nathaniel 1 Nathanyel 1 Nathen 4 Natnael 1 Natnal 1 Natol 1 Nausherwan 1 Navfateh 1 Navneeth 1 Navnihal  4 Navraj 1 Navroop 1 Navyaan 1 Nawfal 1 Nazareth 1 Nazeef 3 Neal 1 Neamin 1 Nebi 1 Neeco 1 Neel 1 Neev 2 Nehemiah 12 Neil 1 Neimon 1 Neko 5 Nelson 1 Nemat 4 Neo 1 Nephtalem 1 Neri 1 Nethan 1 Nethmin 1 Nethran 1 Netonna 1 Nevil 4 Nevin 1 Nevoh 1 Neyson 3 Niall 1 Nianchu 1 Nicco 1 Nicholai 64 Nicholas 7 Nick 1 Nickan 1 Nicklas 1 Nicklaus 1 Nicklin 1 Nickolai 1 Nickos 10 Nico 1 Nicola 1 Nicolaas 20 Nicolas 1 Nicolo 1 Nidal 2 Nigel  1 Nigel-Alexai 1 Nihaal 1 Nihaan 3 Nihal 1 Nihalvir 2 Nihan 1 Nik 1 Nikan 1 Nikao 5 Nikita 1 Nikki 1 Nikko 2 Niklas 6 Niko 2 Nikodem 4 Nikola 4 Nikolai 2 Nikolas 1 Nikolaus 2 Nikosis 1 Niles 1 Nilesh 1 Nimalan 1 Nimoona 1 Nino 1 Nino 1 Nirbheek 1 Nirmit 1 Nirvaan 1 Nirvai 1 Nirvan 2 Nishaan 2 Nishan 1 Nishanth 1 Nivaan 1 Nivan 1 Nixen 1 Nixin 51 Nixon 3 Nixxon 1 Niyam 1 Niyong 1 Nizar 1 Noa 228 Noah 1 Noah-Alexis 2 Noam 1 Noar  1 Nobale 1 Noble 6 Noel 83 Nolan 1 Nolawi 1 Nolyn 1 Noman 1 Nooh 1 Noor 1 Nooreddine 1 Noorhassan 1 Noorniranjan 1 Norden 1 Norell 2 Norman 1 Norris 1 Notah 1 Notorious-Link 2 Nour 1 Nouyan 3 Nova 3 Novak 1 Noyan 1 Numair 2 Nuno 1 Nurdeen 1 Nyang 1 Nyasha 1 Nyijah 2 Nyjah 1 Nyles 1 Nylle 1 Nyshaan 1 Nzeyimana 2 Oak 1 Oakdon 1 Oaklan 5 Oaklen 13 Oakley 1 Oaklynd 2 Oaks 1 Oasis 1 Obadiah 1 Obaida 1 Oban 1 Obatosin 1 Obiadah 1 Obsidian  4 Ocean 1 Ochogi 2 Octavian 1 Octavious 1 Octavius 1 Odai 1 Odane 2 Oden 1 Odhran 23 Odin 1 Odinn 2 Odyn 1 Odysseus 1 Oghenefegor 1 Oghenetega 1 Oguz 1 Ohene 1 Oladimeji 1 Oladipupo 1 Olaposi 1 Ole 1 Oleg-Jacob 2 Olin 1 Olisemeke 230 Oliver 4 Olivier 3 Ollie 2 Olsen 1 Olti 1 Oludarasimi 1 Oludiji 2 Oluwadamilare 2 Oluwadamilola 1 Oluwafadejimi 1 Oluwafemi 1 Oluwafifehansimi 2 Oluwamayokun 1 Oluwanifemi 1 Oluwasijibomi 1 Oluwatenifayo 1 Oluwatobi 1 Oluwatomi 1 Oluwatomiwa 1 Oluwatoni 3 Om 1 Omaggie 32 Omar 1 Omar-Al  1 Omari 1 Omarion 5 Omer 1 Omid 1 Omkrish 2 Omran 1 Omri 1 Oneil 1 Oniks 1 Onur 1 Onyiba 6 Onyx 1 Opi 2 Oren 1 Oria 1 Orik 3 Orin 1 Oriol 12 Orion 3 Orrin 1 Orson 2 Osama 1 Osariemen-Daniel 1 Osborne 47 Oscar 1 Oshae 3 O'Shea 1 Oshen 1 Oshokhai 1 Osias 1 Osikhwe 1 Osinachi 1 Osiyah 1 Oskar 1 Ossian 1 Oswald 3 Othman 5 Otis 1 Ottis 5 Otto 1 Oubai 1 Ousseynou 1 Ove 1 Ovin 1 Owais 189 Owen 2 Owyn 1 Owynn  1 Oxford 1 Oxley 1 Oxsalan 1 Oz 2 Ozzy 1 Paavak 1 Pablo 1 Pacey 1 Padder 1 Paddy 1 Page 1 Paiten 1 Pajo 1 Panagiotis 3 Pancho 2 Paolo 1 Paraansh 1 Parag 1 Paramveer 92 Parker 2 Parks 1 Parmveer 2 Parsa 2 Partap 1 Parvveer 1 Parwan 2 Patience 1 Paton 25 Patrick 1 Patton 21 Paul 2 Paulus 1 Pavel 1 Pavit 2 Pavlo 1 Pawan 1 Pax 1 Paxon 2 Paxten 1 Paxtin 31 Paxton 1 Payam 1 Payden 2 Payson 3 Payton 3 Pearce 1 Pedram 1 Pedro  1 Pehshang 1 Pei 1 Peirce 1 Pendar 1 Peniel 1 Penn 1 Percious 1 Percival 1 Percy 1 Peregrine 1 Pernell 3 Perrin 3 Perry 2 Perseus 1 Pertaj 1 Pesimah 2 Petar 2 Pete 36 Peter 6 Peyton 1 Pharaoh 1 Pharez 1 Phi 11 Philip 3 Philippe 11 Phillip 1 Phillips 1 Philopateer 3 Phineas 23 Phoenix 13 Pierce 1 Piero 1 Pierre 1 Piers 4 Pierson 2 Pieter 1 Piotr 1 Pir 1 Pius 1 Ponnaasii 18 Porter 1 Pously 1 Poyraz 1 Prabhdeep 1 Prabhgun 1 Prabhjan 1 Prabhjeet 2 Prabhjot  1 Prabhveer 1 Pradeep 1 Prahit 1 Prajin 1 Prana 1 Pranav 1 Pranava 1 Pransh 1 Prateek 1 Pratham 1 Prayag 1 Prayash 1 Prem 1 Premansh 1 Prescott 1 Presely 5 Presley 22 Preston 1 Prim 1 Primus 16 Prince 1 Princejayden 1 Princeton 1 Prithiv 1 Prnet 2 Prometheus 2 Pryce 1 Punit 1 Puranpreet 1 Puttipat 1 Qandil 1 Qasai 2 Qasim 1 Qayyam 1 Qiu 1 Qorane 4 Quade 1 Quaid 1 Quayd 1 Quayde 4 Quentin 1 Quil 1 Quill 2 Quin 3 Quincy 19 Quinn 1 Quinten 5 Quintin  21 Quinton 1 Quintyn 1 R. 1 R.J 5 Raahim 2 Raamiz 1 Raasikh 1 Rade 1 Radek 1 Radley 1 Raed 1 Raedyn 1 Raeef 1 Raef 1 Raehan 13 Rafael 1 Rafay 1 Rafe 1 Rafferty 1 Raffi 1 Rafid 1 Rafik 1 Rafsan 1 Raghav 1 Ragnar 1 Ragner 1 Raheel 2 Raheem 1 Raheesh 1 Rahil 1 Rahman 1 Rahmat 2 Rahul 13 Raiden 1 Raider 1 Raijan 1 Railee 1 Rain 5 Raine 1 Rainer 2 Rainiel 1 Rais 1 Raissan 1 Raistlin 1 Raiyan 1 Raizen 1 Raj 1 Rajab  1 Raj-Miguel 2 Rajon 2 Rajveer 1 Rakan 1 Raleigh 1 Ralf 1 Rally 3 Ralph 2 Ram 2 Ramadan 1 Ramazan 4 Rami 1 Ramiro 1 Ramon 1 Ramone 1 Ramy 1 Ramzy 1 Rana 1 Ranav 1 Ranbir 1 Randeep 1 Randell 5 Randy 3 Ranger 1 Raninder 2 Ranjodh 1 Rannvijay 2 Ransom 1 Rantaz 5 Ranveer 2 Ranvir 1 Rao 1 Raoui 17 Raphael 1 Raphael 1 Rashad 1 Rashawn 1 Raslen 1 Rastin 1 Ratu 2 Raul 1 Raul 1 Rav 3 Raven 1 Ravi 1 Raxit 3 Ray 1 Rayaan  1 Rayah 1 Rayam 16 Rayan 1 Rayansh 1 Raybod 3 Rayce 6 Rayden 1 Rayder 1 Rayhan 1 Rayhem 1 Raylan 1 Rayland 1 Rayman 17 Raymond 2 Rayne 1 Rayven 11 Rayyan 4 Reagan 1 Real 1 Red 1 Reddin 1 Redsky 10 Reece 8 Reed 3 Reegan 4 Reese 1 Reeve 1 Reg 1 Regan 7 Reginald 2 Regis 1 Rehaan 4 Rehan 1 Rei 48 Reid 1 Reidel 1 Reighn 1 Reighner 2 Reign 2 Reigns 3 Reilly 2 Reiner 1 Reinier 5 Remi 1 Remi 11 Remington 2 Remon 14 Remy  1 Remy 2 Ren 3 Renan 1 Renato 1 Rene 1 Renfrew 1 Rennick 3 Renz 1 Renzo 1 Reston 14 Reuben 1 Reuben-Jace 1 Reuel 1 Revan 1 Revhin 1 Revin 1 Revington 3 Rex 1 Rexton 1 Reyaansh 2 Reyan 10 Reyansh 1 Reza 1 Rhaiden 1 Rhanyag 1 Rhesean 45 Rhett 1 Rhodes 1 Rhodj 2 Rhyder 1 Rhydin 1 Rhyker 1 Rhylan 3 Rhyle 1 Rhylen 1 Rhynz 25 Rhys 2 Rhythm 1 Rhyzen 13 Riaan 1 Rian 4 Ricardo 19 Richard 4 Richie 1 Richmond 1 Rick 1 Rickie 7 Ricky  3 Rico 1 Rida 2 Rider 2 Ridge 1 Ridhaan 1 Ridhay 1 Ridhi 1 Ridley 3 Ridwan 3 Riel 1 Rigby 1 Rigden 1 Rigdon 1 Rigel 1 Righteous 1 Righteousness 1 Rihaan 1 Rihan 1 Riker 1 Rikesh 1 Riku 1 Rilan 61 Riley 5 Rio 1 Riordan 1 Riot 2 Riser 1 Rishaan 2 Rishi 2 Rishon 1 Ritvik 1 Rivaldo 1 Rivan 1 Riven 14 River 1 Rivers 1 Riwaj 1 Rixton 2 Riyaan 1 Riyad 1 Riyasat 1 Rizaan 1 Roam 3 Roan 1 Roarke 2 Robbie 1 Robbin 40 Robert  1 Roberto 1 Robin 2 Robson 1 Roby 7 Rocco 3 Rockwell 2 Rocky 1 Roczen 1 Roddeen 1 Rodeen 1 Roderick 1 Rodger 4 Rodney 1 Rodolfo 1 Rodrico 3 Rodrigo 1 Roeker 3 Rogan 3 Rogen 3 Roger 1 Roham 7 Rohan 1 Rohin 1 Rohmal 1 Rohnan 1 Rohullah 1 Rojat 1 Rokam 1 Roko 1 Rolan 9 Roland 1 Rollin 1 Romain 49 Roman 1 Romann 2 Rome 5 Romeo 1 Romion 2 Rommel 1 Romy 1 Ronak 2 Ronald 29 Ronan 3 Ronav 1 Ronel 1 Ronen 1 Roni 1 Ronik  20 Ronin 1 Ronish 2 Ronnie 1 Roodney 2 Rook 1 Roric 1 Rorik 1 Roroug 22 Rory 1 Rory-Jorge 1 Roscoe 1 Roshaun 1 Roslan 4 Ross 1 Rossy 1 Rougan 1 Rouge 1 Rovyn 46 Rowan 8 Rowen 1 Rowgan 1 Roxas 1 Roxzyn 7 Roy 2 Royal 8 Royce 1 Royer 1 Roylyn 1 Rozen 1 Ruari 5 Ruben 1 Ruchdi 1 Rudhvin 3 Rudra 1 Rudraansh 1 Rudy 2 Rueben 1 Ruedolf 1 Rueger 1 Rufus 1 Ruger 2 Ruhaan 1 Ruhan 1 Rui 1 Ruitiano 1 Ruixin 1 Rukus 1 Rumet  3 Rumi 1 Rupert 1 Rusandjo 1 Rushdi 1 Ruslan 1 Russ 1 Russel 10 Russell 1 Rusty 1 Rutvaram 1 Rutvik 1 Ruwais 1 Ruzzel 103 Ryan 1 Ryann 2 Ryatt 1 Rydar 5 Ryden 73 Ryder 1 Rydon 1 Ryeker 1 Ryelyn 3 Ryerson 2 Ryett 1 Rygiel 1 Ryhkan 1 Ryhus 1 Ryian 1 Ryjel 2 Ryken 78 Ryker 1 Ryker-Reid 1 Ryker-William 1 Rykin 1 Rykker 37 Rylan 14 Ryland 3 Ryle 3 Rylee 2 Rylen 5 Ryley 1 Rylie 2 Rylin 1 Rylo 1 Rymer 1 Rynezane 1 Ryonn 1 Rysen  1 Rythm 3 Ryu 1 Ryzen 1 Ryzo 5 Saad 1 Saadeddin 1 Sabil 1 Sabin 1 Sabin-Abdiel 2 Sabir 1 Sabour 1 Sabur 2 Sacha 2 Sachin 1 Sachyn 1 Sadaad 1 Sadra 2 Saeed 1 Sael 1 Saelum 1 Safeer 1 Safwaan 1 Safwan 1 Sagam 8 Sage 1 Sahaimeer 1 Sahajvir 1 Sahand 8 Sahib 1 Sahibdeep 3 Sahibjot 1 Sahibveer 1 Sahibvir 2 Sahil 2 Sahir 1 Sahr 1 Sahvin 3 Sai 3 Said 4 Saif 1 Saifaan 1 Saifan 1 Saigautam 1 Saihaj 1 Sailor-Arthur 1 Saim 1 Saint 1 Sajed  1 Sajjad 1 Sakaria 1 Sakariye 1 Sakun 1 Sakya 1 Sal 2 Salah 1 Salar 3 Saleem 1 Saleh 4 Salem 3 Salim 1 Salix 2 Salmaan 9 Salman 1 Salok 1 Salumu 1 Salvatore 27 Sam 1 Samaer 1 Samanyu 6 Samar 2 Samardeep 1 Samarvir 1 Samatar 1 Sameek 1 Sameep 2 Sameer 1 Samer 5 Sami 1 Samiir 1 Samik 1 Samim 3 Samir 1 Samiul 1 Samiullah 1 Sampreet 1 Samraaj 1 Samrath 1 Samreet 1 Samrithy 16 Samson 1 Samual 131 Samuel 1 Samy 1 Samyek 1 Samyog 1 Sancho  1 Sander 1 Sandro 1 Sandy 1 Saneesh 1 Sanekam 1 Sanjam 1 Santana 1 Santhiago 15 Santiago 4 Santino 1 Sanveer 1 Sara 1 Saraansh 1 Saransh 1 Sarath 1 Saravpreet 2 Sarim 2 Sartaj 1 Sascha 1 Sasha 1 Sasthav 1 Satkaar 1 Satnam 1 Saud 2 Saul 1 Sava 1 Savar 1 Saviour 2 Savith 1 Savya 78 Sawyer 1 Saxon 1 Sayaam 1 Sayan 1 Sayed 1 Sayer 1 Sayf 1 Scion 1 Scot 1 Scotlynd 13 Scott 1 Scotte 2 Scout 4 Seamus 1 Seamus 30 Sean 1 Sean 1 Seanan  1 Seaton 1 Sebastain 84 Sebastian 1 Sebastian 8 Sebastien 1 Sebastien 1 Sebastion 1 Sebtain 1 Sedric 1 Sedy 1 Seeley 1 Seena 1 Sefkan 2 Sehaj 1 Sehajbir 1 Sehajdeep 1 Sehajveer 1 Sehaz 1 Sehbaaz 1 Seif 1 Sekou 1 Seleem 1 Selim 1 Semyon 1 Senan 1 Senay 2 Senna 1 Senoj 2 Senon 1 Senuk 1 Sepanta 1 Sequoi 1 Serdar 3 Sergio 1 Serhat 33 Seth 1 Sethtolimi 1 Seung-Yeon 1 Sevastian 1 Severiano 3 Seyed 1 Seyram 3 Shaan 1 Shaane 1 Shabaaz 1 Shabad 1 Shacquan 1 Shade  1 Shadil 1 Shae 2 Shahab 2 Shaheer 1 Shahid 2 Shahir 1 Shahmeer 1 Shahzad 2 Shahzaib 1 Shahzain 1 Shail 1 Shalom 1 Shamar 2 Shams 1 Shan 5 Shane 1 Shane-Lamar 1 Sharan 1 Sharib 1 Sharijene-Fope 1 Sharjo 1 Sharmarke-Amir 1 Sharvin 1 Shashank 7 Shaun 1 Shaunak 1 Shaw 11 Shawn 1 Shawnavon 1 Shay 2 Shayaan 5 Shayan 1 Shayden 1 Shayne 2 Shea 1 Sheamus 1 Shedly 1 Shehryar 1 Shehzad 1 Shelby 5 Sheldon 1 Shem 1 Sheng 1 Shepard 2 Shepherd 1 Shep-Rosen 2 Sheridan 1 Shevin  1 Sheymar 1 Shiloh 1 Shion 1 Shiv 1 Shiva 1 Shivaan 1 Shivadityasinh 1 Shivam 4 Shivansh 1 Shivay 1 Shiven 1 Shivnaam 3 Shlok 1 Shogo 1 Shreyan 1 Shrihaan 1 Shrihan 1 Shu'aib 1 Shubh 1 Shubhkarman 1 Shukran 1 Shukri 1 Shuna 1 Shyaka 1 Siaan 1 Sid 4 Sidak 1 Siddarth 1 Siddhanth 1 Siddharth 1 Sidi 6 Sidney 1 Siem 1 Sigfreid 1 SiHan 1 Siiman 54 Silas 3 Simeon 42 Simon 1 Simrin 1 Sincere 1 Singh 1 Sirak 1 Sirus 1 Sivakarthi 5 Sky 6 Skye 1 Skylan  3 Skylar 1 Skylar-Lee 9 Skyler 1 Skyrie 2 Slade 1 Slahudean 2 Slate 3 Slater 1 Sleem 4 Sloan 1 Slok 5 Smith 1 Smokey 1 Smyth 1 Soahrab 1 Sochikaima 1 Sofian 1 Sohail 4 Soham 1 Sohib 1 Sol 1 Soliman 1 Solis 5 Solomon 1 Song 1 Song-Yuan 8 Sonny 17 Soren 1 Soressa 1 Sorren 1 Sota 2 Souhaib 1 Souichiro 2 Souleymane 1 Soumik 1 Souvik 1 Soyam 34 Spencer 1 Spiros 1 Srabin 1 Srijan 1 Srinik 1 Stallone 8 Stanley 1 Stannis 1 Staxx 1 Stayvan 3 Steele  8 Stefan 1 Stefano 1 Stellan 1 Stepan 3 Stephan 15 Stephen 17 Sterling 4 Stetson 3 Steve 20 Steven 1 Stevenson 1 Stian 3 Stirling 1 Stone 1 Stoney 1 Storm 1 Stratton 1 Strijder 1 Stryder 5 Stryker 2 Stuart 1 Sturgill 1 Stylen 1 Subeer 4 Sudais 1 Sudeep 1 Sufian 1 Sufyan 4 Suhaib 2 Suhail 1 Suhas 1 Suheel 1 Suheyb 1 Sujaan 1 Sujit 1 Sukhraj 1 Sukhsagar 4 Sulaiman 1 Sulayk 2 Sulayman 1 Suleeban 1 Suleman 1 Sulieman 30 Sullivan 1 Sullivane 2 Sully 2 Sultan 1 Sunday  1 Sunil 1 Sunny 1 Sunwoo 1 Surafuel 1 Suraphel 1 Sutter 2 Sutton 1 Svanik 1 Svetlin 1 Swar 1 Swaroop 1 Swayam 3 Sydney 14 Syed 1 Sykes 7 Sylas 1 Sylin 1 Sylus 1 Sylvan 1 Symon 1 Syoran 1 Syron 1 Syrus 1 Szebastian 1 Taber 1 Taddesse 1 Tade 2 Tadhg 1 Tadiswa 1 Taejun 1 Taelynn 1 Taeton 1 Taevs 10 Taha 1 Tahan 1 Tahaylerpwe 1 Tahmid 1 Taieb 1 Taiga 1 Taij 1 Taim 1 Taishi 1 Taislynn 2 Tait 1 Taith 1 Taizen 1 Taj 1 Tajvir  1 Takashi 1 Takin 1 Takoah 2 Takoda 1 Taksh 1 Taku 1 Talaat 1 Talha 1 Talin 1 Tallica 1 Tallis 1 Tallon 1 Talmage 10 Talon 1 Tamarapreye 1 Tamatoa 1 Tameem 3 Tamer 1 Tamerlan 3 Tamim 1 Tammer 1 Tanad 1 Tanaka 1 Tanakanashe 1 Tanay 1 Taner 1 Tanev 1 Tanish 39 Tanner 1 Tannum 1 Tanush 1 Tanveer 1 Tanvir 1 Tanwen 1 Taos 1 Taranjeet 1 Tarasy 5 Tariq 1 Tashvin 1 Tassin 19 Tate 1 Tathya 6 Tatum 1 Tauren 1 Tave 1 Taven 1 Tavin 1 Tavis  3 Tayden 16 Taylor 1 Taym 1 Taymallah 1 Taymoor 1 Taymur 2 Tayo 1 Taysir 1 Tayson 1 Tayte 2 Tayten 1 Tayton 1 Tayus 1 Tayyab 1 Tayzen 1 Tazym 2 Teagan 1 Teague 1 Ted 1 Tedwin 1 Teegan 1 Teeghan 1 Teek 1 Teelachai 1 Tegan 1 Teghvir 1 Tegnoor 2 Tegveer 1 Tehrani 1 Tehvier 1 Teil 1 Tejas 1 Tejvir 1 Tell 4 Temesgen 1 Temideji 1 Temiloluwa 1 Temur 1 Tenner 1 Tennessee 1 Tennyson 4 Tenzin 6 Teo 2 Teo 1 Teodoro 1 Teody 1 Teren 3 Terence  3 Terran 1 Terrel 2 Terrell 4 Terrence 1 Terrence-David 6 Terry 1 Tesfalem 1 Tex 1 Tezrik 1 Thaabith 1 Thaddeus 1 Thadei 1 Thaeris 1 Thakgalo 1 Thallon 1 Thande 3 Thane 1 Thaniel 5 Thatcher 1 Thayer 1 Thayne 1 Thejas 48 Theo 4 Theodor 87 Theodore 1 Theodore 1 Theodore 1 Theodoros 1 Theodric 1 Theo-James 1 Theophilos 1 Theophilus 6 Theoren 1 Thexan 7 Thiago 1 Thirdy 1 Thobias 115 Thomas 2 Thompson 1 Thoran 1 Thorian 1 Thorik 5 Thorin 1 Thorin-Xavier 1 Thorleif 1 Thuc 1 Thunderingspirit 1 Thurlow  1 Thys 1 Thysan 4 Tiago 1 Tian 1 Tibebe 2 Tidus 1 Tientcheu 1 Tier 2 Tieran 1 Tiernan 1 Tilak 2 Tim 1 Timber 1 Timilehin 39 Timothy 1 Timur 1 Tinashe 1 Tino 1 Tinotenda 1 Tinson 1 Tirth 1 Tisaun 3 Titan 1 Tito 19 Titus 4 TJ 1 Tjangondera 1 Tjiunouhona 1 Tnsaie 1 Tobby 1 Tobey 28 Tobias 4 Tobin 6 Toby 2 Todd 1 Tohma 1 Tolan 4 Tom 1 Toma 9 Tomas 2 Tommy 1 Tomohiro 1 Toni 7 Tony 1 Top 2 Tor 1 Torben 1 Torey  8 Torin 2 Torren 2 Torres 1 Torrin 1 Torsten 1 Toryn 1 Toshiki 1 Tovi 6 Trace 1 Track 1 Trajan 1 Trapper 1 Travin 10 Travis 1 Trayce 1 Trayjin 1 Trayvin 1 Tre 1 Tred 5 Trent 5 Trenton 1 Tresor 1 Tresten 1 Trevin 7 Trevor 1 Trexton 6 Trey 6 Treyson 2 Treyton 1 Treyvon 1 Trez 1 Trifun-Aleksa 5 Tripp 63 Tristan 3 Tristen 1 Tristian 2 Triston 1 Tristyn 3 Triton 14 Troy 1 Trygve 1 Tryson 3 Trystan 1 Tsemre 1 Tshimologo 26 Tucker 1 Tuff 1 Tulo  1 Tumilara 3 Turner 15 Ty 4 Tyce 1 Tydan 2 Tyden 1 Tydeus 1 Tydus 1 Tye 1 Tyese 1 Tyeson 1 Tylan 45 Tyler 1 Tymen 1 Tymon 1 Tyrease 1 Tyree 4 Tyreese 1 Tyreke 3 Tyrell 1 Tyrell-Jun 2 Tyren 4 Tyrese 2 Tyrion 1 Tyron 1 Tyrone 2 Tyrus 1 Tysen 30 Tyson 3 Tytan 1 Tyton 1 Tytus 1 Tyvin 1 Tzemach 1 Udaibir 2 Uday 3 Udhay 2 Udhayveer 1 Ugrey 1 Uliks 1 Ulric 1 Ulysess 1 Umais 4 Umar 1 Umber 6 Umer 1 Unays 1 Unomasa  1 Uri 8 Uriah 1 Uriel 1 Uriyah 1 Uros 1 Usman 1 Uthman 1 Uudam 1 Uzuva 1 Vader 1 Vaibhnav 1 Vaiden 1 Valen 1 Valentin 1 Valerian 1 Valkyrie 1 Vallen 1 Valo 1 Valor 1 Valyn 3 Van 9 Vance 1 Vanden 3 Vander 1 Vannara 3 Vansh 1 Vanshbir 1 Vardan 1 Varian 1 Vasco 1 Vasilios 1 Vasily 13 Vaughn 4 Ved 1 Vedaansh 1 Vedad 1 Vedant 1 Vedh 5 Veer 1 Veerjot 1 Vegas 1 Verdaan 1 Vern 1 Vharis 6 Viaan 1 Viam 1 Vicranth 18 Victor  1 Vidhaan 2 Viggo 6 Vihaan 3 Vihan 1 Vikram 5 Viktor 1 Vinall 6 Vince 40 Vincent 2 Vincenzo 1 Vinson 1 Vinz 1 Vinze 6 Viraaj 5 Viraj 1 Virat 1 Virgilio 1 Virtaj 1 Vishruth 1 Vishwjeet 1 Vitaliy 1 Vito 9 Vivaan 3 Vivan 2 Viyaan 1 Vlad 1 Vladdimir 2 Vladimir 1 Von 1 Vorian 1 Vuk 1 Vuyile 1 Vyctor 1 Wabi 1 Wacey 1 Wada 11 Wade 1 Wadie 1 Wafiq 2 Walden 1 Waleed 5 Wali 1 Walid 25 Walker 5 Wallace 1 Wally 26 Walter 1 Walton  1 Wapun 1 Ward 1 Warde 5 Waris 1 Warner 9 Warren 1 Warrick 2 Waryam 1 Wassimo 3 Watson 19 Waylon 4 Wayne 1 Welles 1 Wellesley 1 Wellington 5 Wells 1 Wendell 1 Wes 3 Wesam 41 Wesley 1 West 1 Westen 4 Westin 46 Weston 5 Westyn 1 Whaylon 1 Whitaker 1 Wichtuor 1 Wiebe 1 Wijnand 1 Wiktor 1 Wilbert 10 Wilder 1 Wilfred 1 Wilian 7 Will 2 Willard 5 Willem 213 William 1 Williams 1 William-Victor 4 Willie 2 Willis 4 Willy 6 Wilson 1 Wind 1 Winiard 1 Win-Jayden  1 Winsmart 15 Winston 1 Winter 1 Wisam 2 Wissam 1 Wladimir 1 Wolff 3 Wolfgang 1 Wolfric 1 Wolfrick 1 Woobin 1 Wowa 1 Wren 2 Wrennyn 1 Wrias 1 Wryk 131 Wyatt 5 Wylder 4 Wylie 1 Wyller 4 Wynn 1 Xaiden 38 Xander 1 Xandrian 1 Xanjoe 1 Xaphan 1 Xaven 52 Xavier 1 Xavion 1 Xavyer 1 Xayvion 1 Xean 1 Xerxes 1 Xherdann 3 Xian 1 Xiann 1 Ximon 1 Xinchi 1 Xion 1 Xiuqi 1 Xyrus 1 Xyruz 1 Xyven 1 Xzaiver 2 Xzander 1 Xzavier 1 Xzayvier 1 Yacin  1 Yacine 1 Yacqub 1 Yad 1 Yadhu 2 Yafet 3 Yahia 20 Yahya 1 Yakob 1 Yaksh 1 Yakup 1 Yamato 1 Yamn 1 Yan 1 Yang 1 Yanis 1 Yaniv 2 Yannik 1 Yann-Mathis 1 Yaphet 1 Yaqoub 1 Yaqub 2 Yared 9 Yaseen 3 Yash 1 Yasha 1 Yashyn 5 Yasin 3 Yasir 1 Yasser 5 Yassin 2 Yassine 1 Yatta 1 Yazan 1 Yazeed 1 Ydel 1 YeAbesera 1 Yeawon 1 Yegor 1 Yehuda 1 Yeroon 1 Yevheniy 1 Yhexzel 1 Yi 1 Yianni 1 Yinuo 1 Ynigo 1 Yoakim 1 Yoann  5 Yoel 1 Yog 8 Yohan 1 Yohanes 1 Yohann 1 Yohanne 1 Yohit 1 Yoj 1 Yomas 2 Yonael 1 Yonas 4 Yonatan 2 Yonathan 1 Yonis 1 Yoonus 1 York 1 Yoshihide 1 Yoshua 1 Yosyef 1 Yotam 1 Youcef 1 Youeal 1 Younes 1 Younnis 7 Yousef 1 Youseff 4 Yousif 9 Youssef 7 Yousuf 1 Yu 2 Yuan 1 Yuanjin 1 Yubeer 1 Yubin 1 Yuen 3 Yug 1 Yugan 1 Yui 1 Yuji 1 Yuki 1 Yulio 1 Yungi 5 Yunus 4 Yusef 1 Yusif 1 Yussef 22 Yusuf 1 Yuthika  2 Yuvaan 1 Yuven 1 Yuvin 6 Yuvraj 1 Yuvrajpal 2 Yves 1 Yxel 1 Yzaack 1 Zaah 1 Zaan 1 Zaaron 1 Zab 6 Zac 1 Zacarias 3 Zacchaeus 5 Zach 1 Zachari 8 Zachariah 1 Zacharias 1 Zacharie 107 Zachary 1 Zachary-Marius 2 Zachery 9 Zack 1 Zackaria 1 Zackariya 5 Zackary 1 Zackarya 2 Zackery 1 Zade 1 Zaden 1 Zadok 1 Zaedyn-Lee 1 Zaeem 1 Zahar 1 Zahiyan 1 Zahkeel 1 Zahran 1 Zahryan 1 Zaia 9 Zaid 1 Zaidan 1 Zaidane 11 Zaiden 1 Zaigam 1 Zailam 1 Zailen 1 Zailin  13 Zain 3 Zaine 1 Zaineddine 1 Zainedeen 1 Zaire 1 Zaivyn 1 Zaiyn 1 Zak 7 Zakaria 5 Zakariya 1 Zakariyya 1 Zakhar 1 Zakhir 5 Zaki 1 Zakir 2 Zakk 3 Zakkary 1 Zalan 1 Zale 29 Zander 1 Zandynn 25 Zane 1 Zaraan 1 Zaric 1 Zariyan 1 Zaroon 2 Zarrar 3 Zaryan 1 Zavian 5 Zavier 2 Zayaan 4 Zayan 3 Zayd 1 Zaydan 24 Zayden 1 Zaydin 1 Zaydon 22 Zayn 1 Zayn-Cody 9 Zayne 1 Zaynedeen 1 Zayven 2 Zayvion 3 Zayyan 1 Zeaston 1 Zebediah 1 Zebulon 2 Zechariah  1 Zed 1 Zeddik 1 Zedkiah 1 Zedrick 4 Zeeshan 1 Zeff 2 Zein 2 Zeke 1 Zekeria 1 Zekiel 1 Zekiyah 1 Zekosis 1 Zekun 1 Zeliq 1 Zen 1 Zende 1 Zennon 1 Zeno 3 Zenon 1 Zenovi 1 Zeon 1 Zephaniah 1 Zepher 1 Zeph-Mishael 5 Zephyr 1 Zephyrus 1 Zerren 5 Zeus 1 Zev 1 Zevon 2 Zeyad 1 Zeyuan 1 Zheng 2 Zhiyuan 1 Zi 4 Ziad 1 Ziagum 1 Zian 2 Zichen 2 Zidan 1 Zidon 1 Zidyeb 1 Ziggy 1 Zigmund 1 Zihan 1 Zijin 1 Zikang 1 Zikr  1 Zikrullah 1 Zineddine 17 Zion 1 Zionne 1 Zi-Rui 1 Zishim 1 Zixuan 1 Ziyuan 1 Zoey 1 Zohaib 1 Zolboo 1 Zolin 1 Zoltan 1 Zora 1 Zoran 2 Zoravar 6 Zorawar 2 Zubair 1 Zuhaib 1 Zuhayb 2 Zulfiqar 1 Zurrain 1 Zvikomborero 2 Zyan 1 Zyes 1 Zyfer 1 Zylen 1 Zyo 1 Zyon 1 Zyric 1 Zyron-Thunder 1 Zyrus    