1 Aabish 1 Aaden 1 Aadhaya 5 Aadhya 1 Aadison 1 Aadri 2 Aadya 3 Aahana 1 Aairah 1 Aalayla 1 Aaleigha 1 Aaleiya 1 Aaliya 36 Aaliyah 1 Aalmi 1 Aalya 1 Aamilah 1 Aamna 1 Aanvi 9 Aanya 2 Aara 3 Aaradhya 1 Aarayna 2 Aaria 1 Aariah 1 Aariam 1 Aariya 1 Aariyah 1 Aarja 3 Aarna 1 Aarohi 1 Aarshi 2 Aarushi 1 Aarveen 1 Aarwa 6 Aarya 1 Aaryah 2 Aaryana 1 Aarzoo 1 Aasees 1 Aasha 2 Aashritha 1 Aashvi 2 Aasia 1 Aasilah 1 Aasis 1 Aatikah 1 Aava 1 Aavenley 3 Aavya 2 Aaya 5 Aayat 1 Aayla 1 Aayla-Secura 1 Aayra 1 Aazeen 3 Abagail 1 Abaigael 1 Abanah 3 Abbey 4 Abbigail 1 Abbigaile 1 Abbigale 17 Abby 3 Abbygail 2 Abbygale 2 Abbygayle 1 Abdirahman 2 Abeeha 1 Abeer 2 Abeera 1 Abegaile 1 Aberdeen 1 Abia 1 Abiella 1 Abieyuwa 1 Abigael 1 Abigael 171 Abigail 1 Abigail-Beythamar 1 Abigail-Grace 1 Abigaille 3 Abigale 1 Abiha 1 Abilene 1 Abisha 1 Abisola 2 Abrar 1 Abreea 1 Abreesh 1 Abrial 1 Abrianna 1 Abrianne 1 Abriel 1 Abriella 4 Abrielle1 Abril 1 Abrish 1 Abuk 1 Abvigail 1 Abyan 3 Abygail 2 Acacia 1 Acadia 1 Acelia 1 Achiek 1 Achint 1 Achol 14 Ada 2 Adabelle 1 Adah 1 Adahlia 1 Adaiah 1 Adalaine 1 Adalee 1 Adaleise 1 Adalia 1 Adalina 2 Adalind 13 Adaline 32 Adalyn 2 Adalyne 23 Adalynn 1 Adan 1 Adaora 4 Adara 1 Addalynn 1 Addelyn 1 Addelynn 1 Addie 1 Addieline 1 Addilie 14 Addilyn 3 Addilynn 1 Addilynn-Rose 89 Addison 8 Addisyn 1 Addley 1 Addolyn 1 Addylynne 8 Addyson 1 Addysyn 1 Adecyn 1 Adeena1 Adehunoluwasimi 1 Adeja 1 Adejosolu 1 Adel 6 Adela 21 Adelaide 2 Adelaine 16 Adele 1 Adeleine 1 Adelene 5 Adelia 1 Adelie 1 Adelie 7 Adelina 39 Adeline 1 Adeline 1 Adeline-Rose 3 Adella 1 Adelle 1 Adellynn 1 Adelphey 35 Adelyn 1 Adelyne 15 Adelynn 2 Adelynne 1 Adenesine 1 Adenike 1 Adeotan 1 Adera 1 Aderayo 1 Adesuwa 1 Adet 1 Adetolani 2 Adhar 2 Adia 1 Adilyn 1 Adilynn 3 Adina 1 Adisyn 1 Adithi 1 Adiya 1 Adja 2 Adlee 1 Adleigh 11 Adley 1 Adlyn 1 Adna 1 Adona1 Adreena 2 Adria 1 Adriaana 1 Adrian 14 Adriana 11 Adrianna 2 Adrianne 5 Adrienne 1 Adrika 1 Adrina 1 Adryana 3 Adut 1 Advaita 1 Advika 1 Adya 1 Adyam 1 Aedra 1 Aelish 1 Aella 1 Aelwyn 1 Aelyanna 1 Aemelia 1 Aerilyn 2 Aerin 1 Aeriss 1 Aeriyanna 1 Aerlyn 1 Aerowyn 1 Aeryn 1 Aevyn 1 Aeyla 3 Afnan 1 Afomia 1 Afreen 1 Afrina 1 Afrona 2 Afsa 1 Afsah 1 Afsanah 1 Afsheen 1 Afton 2 Agamjot 1 Agamvir 1 Agamya 2 Aganetha 1 Agapi 7 Agatha 3 Agnes1 Agnesse 1 Agneya 1 Agoot 1 Agreen 1 Agustina 1 Ahaana 1 Ahkira 2 Ahlam 1 Ahri 1 Ahsaas 1 Aicelle 1 Aicha 3 Aida 2 Aiden 1 Aifa 2 Aikam 1 Aiko 3 Aila 1 Ailah 1 Ailana 1 Ailee 2 Aileen 1 Ailene 2 Ailey 2 Ailin 1 Aillish 1 Aily 1 Aima 2 Aimee 1 Aimie 1 Aimsley 1 Ainoa 2 Ainslee 3 Ainsleigh 18 Ainsley 1 Aiqi 1 Aira 1 Airadessa 3 Airah 1 Airhian 1 Airicka 1 Airla 15 Aisha 1 Aishah 1 Aishlinn 2 Aislin 5 Aisling 1 Aislinn2 Aislyn 2 Aislynn 1 Aissata 1 Aissatou 1 Aiva 1 Aivie 1 Aivleen 5 Aiya 1 Aiyana 1 Aiyana-Faye 1 Aiyanah 4 Aiyanna 1 Aiyla 6 Aiza 5 Aizah 2 Aja 1 Ajak 1 Ajannah 1 Ajok 2 Ajooni 3 Ajuni 1 Ajwa 1 Akadya 1 Akam 1 Akara 1 Akasha 1 Akaylah 1 Akech 2 Akemi 1 Akemi 1 Akhandveer 5 Akira 1 Akisha 2 Akiva 1 Aklesia 1 Akon 1 Aksaya 1 Aksha 2 Akshara 1 Akshita 1 Akuol 1 Akur 1 Akwaugo 1 Ala 6 Alaa 1 Alai 1 Alaia 1 Alaijah1 Alaila 12 Alaina 1 Alainda 2 Alaiyah 13 Alana 1 Alanah 1 Alandra 1 Alanie 4 Alanna 3 Alara 1 Alarah 1 Alaria 2 Alaska 1 Alaura 4 Alaya 5 Alayah 19 Alayna 1 Alayne 1 Alayziah 2 Alba 1 Albina 4 Aleah 1 Aleaha 1 Aleana 1 Aleanna 1 Alecza 1 Aleeah 1 Aleeka 1 Aleelah 9 Aleen 12 Aleena 1 Aleera 1 Aleesia 2 Aleeya 2 Aleeza 1 Aleha 5 Aleigha 1 Aleisa 1 Aleiya 1 Alejandra 1 Alek 3 Aleksandra 1 Aleksey 1 Alemnesh 7 Alena 1 Alesha 1 Alesia 2 Alessa13 Alessandra 10 Alessia 1 Aleta 1 Aletha 1 Aletheia 1 Alethia 2 Alex 40 Alexa 1 Alexa 1 Alexana 56 Alexandra 1 Alexandrea 14 Alexandria 1 Alexcia 1 Alexi 6 Alexia 1 Alexia-Zena 1 Alexie 1 Alexija 53 Alexis 1 Alexxis 1 Alexzandria 1 Alexziabiel 1 Alexzina 1 Aleyah 1 Aleyla 1 Alezandra 1 Alfie 5 Ali 17 Alia 2 Aliah 3 Aliana 2 Alianna 67 Alice 1 Alice-Mae 14 Alicia 1 Alida 1 Aliena 1 Alifyah 21 Alina 1 Alinah 2 Aline 2 Alisa 10 Alisha 5 Alison 4 Alissa 1 Alissha 1 Alisson2 Alithea 17 Alivia 2 Alix 18 Aliya 18 Aliyah 1 Aliyana 1 Aliyanna 9 Aliza 1 Alizabeth 1 Alizandra 1 Alizay 1 Alize 1 Alizia 1 Alizza 1 Alla 1 Allaa 1 Allana 1 Allane 1 Allarah 1 Allauna 1 Allaya 1 Allayah 3 Allegra 1 Alleigh 1 Alleria 1 Allia 1 Allianna 17 Allie 14 Allison 1 Alliyah 1 Allizon 1 Allora 4 Ally 1 Allyanna 1 Allyna 1 Allyson 1 Allyssa 3 Alma 1 Almass 3 Almira 1 Alondra 3 Alora 1 Alpha 1 Alqosh 7 Althea 1 Aluel 1 Alvah 1 Alveera1 Alvina 1 Al-Wasi 1 Alxenna 1 Alya 1 Alyana 2 Alyanna 2 Alyna 1 Alynn 2 Alyra 1 Alyrika 2 Alysa 1 Alyse 1 Alysha 1 Alyson 40 Alyssa 2 Alyssandra 2 Alysson 2 Alyvia 1 Alyxia 1 Alyxiah 2 Alyza 1 Amaal 1 Amaar 1 Amabel 1 Amaia 4 Amaira 1 Amaiya 10 Amal 5 Amalia 1 Amalie 1 Amaliya 1 Amallia 1 Amanah 4 Amanat 20 Amanda 3 Amani 2 Amar 27 Amara 2 Amarachi 6 Amarah 3 Amari 2 Amariah 1 Amaris 1 Amarissa 1 Amarrah 1 Amaryllis 1 Amarynn 1 Amath12 Amaya 2 Amayah 1 Amayra 1 Amayrah 1 Amayyah 1 Ambar 27 Amber 1 Amberley 1 Amberly 1 Ameah 1 Amecia 1 Ameena 11 Ameera 2 Ameerah 1 Ameirra-Augustine-Rita 1 Amela 1 Ameleigha-Rose 172 Amelia 1 Amelia 1 Amelia-Loreen 8 Amelie 4 Amelie 1 Amellia 3 Amen 1 Amera 1 Amereiah 1 Amet 2 Amethyst 1 Ameya 1 Amia 1 Amie 1 Amilia 6 Amina 5 Aminah 1 Aminat 1 Aminata 14 Amira 1 Amira-Ann 6 Amirah 1 Amitah 1 Amiya 2 Amiyah 1 Amiyah-Lee 1 Amiyia 1 Ammara 3 Amna 2 Amnah 1 Amneet1 Amnia 1 Amolak 1 Amolia 1 Amou 1 Amoun 3 Amreen 1 Amrin 1 Amrit 1 Amritha 2 Amsal 1 Amulya 1 Amun 37 Amy 2 Amya 1 Amyah 3 Amyra 1 Amythyst 16 Ana 1 Anaaya 1 Anabel 1 Anabella 6 Anabelle 1 Anabelle-Joy 1 Anabia 1 Anae 1 Anaelle 1 Anahat 1 Anahera 1 Anahita 1 Anah-Rae 2 Anaiah 1 Anaira 3 Anais 1 Anais 1 Anaiya 1 Anaiyah 1 Analeigh 3 Analia 2 Analiese 1 Analiina 1 Anam 1 Anamika 6 Ananya 1 Ananyah 1 Ana-Sofia 1 Anastacia 35 Anastasia 1 AnaStasia1 Anastasiya 1 Anastazia 1 Anati 1 Anaura 21 Anaya 1 Anayah 1 Anayat 1 Anayis 1 Anayra 6 Andi 1 Andia 6 Andie 1 Andja 1 Andjela 1 Andrada 1 Andraia 1 Andrameda 9 Andrea 1 Andreanne 1 Andreia 1 Andreja 1 Andreya 1 Andy 1 Aneela 4 Aneesa 1 Anelia 1 Aneshamae 1 Anet 1 Anezka 1 Anfal 1 Ange 1 Ange-Cleo 13 Angel 20 Angela 1 Angeleen 1 Angelia 4 Angelica 2 Angelika 18 Angelina 2 Angeline 2 Angelique 1 Angely 1 Angelyna 1 Angeth 1 Anghelina 1 Angie 3 Anhad 1 Anhar3 Ania 1 Anica 1 Aniela 18 Anika 1 Anina 1 Anisa 2 Anisha 1 Aniston 1 Anistyn 1 Anistynn 7 Anita 3 Aniya 1 A'Niyah 3 Anja 1 Anjelina 1 Ankaa 3 Anmol 1 Ann 110 Anna 4 Annabel 9 Annabella 35 Annabelle 1 Anna-Belle 1 Annakah 1 Annaleah 3 Annalee 1 AnnaLeigh 1 Annaleigh 1 Annalena 2 Annaliese 1 Annalina 1 Annalisa 7 Annalise 2 Annalynn 1 Annalyse 1 Anna-Marie 1 Anna-Paula 1 Annastasia 12 Anne 2 Anneka 1 Anneke 2 Anneliese 2 Annelise 1 Anne-Marie 1 Anneska 1 Anne-Sophie 1 Annette 1 Annick25 Annie 1 Anniek 26 Annika 1 Annikah 1 Anniston 1 Annora 1 Anny 1 Anora 1 Anorah 2 Anouk 1 Anousha 1 Anoushka 1 Ansha 1 Anshitha 1 Antara 1 Antaysia 3 Antonella 1 Antonette 2 Antonia 1 Antonina 1 Antra 1 Anugraha 1 Anuja 1 Anuoluwa 1 Anureet 1 Anusha 3 Anushka 1 Anushri 1 Anvi 2 Anwen 16 Anya 1 Anyuat 1 Anzal 1 Anzalna 1 Aoibhe 1 Aoibhleen 2 Aoife 1 Aok 1 Apaar 1 Aparna 1 Aphrodite 8 April 1 Aqsa 1 Ara 1 Araba 1 Arabel 19 Arabella 3 Arabelle1 Araceilia 4 Aradhya 1 Aradhyaa 1 Araia 1 Araiah 2 Aralyn 1 Aranza 1 Araoluwa 1 Arasay 1 Araseli 2 Araya 2 Arayah 1 Araylia 1 Arcadia 3 Archer 2 Arden 1 Areeba 1 Areebah 1 Areeha 3 Areej 1 Areen 1 Areli 1 Areym 2 Arfa 5 Ari 137 Aria 1 Ariadna 3 Ariadne 5 Ariah 1 Arialah 2 Aria-Lynn 1 Ariam 1 Aria-Mae 1 Arian 39 Ariana 38 Arianna 1 Ariannah 7 Arianne 1 Arianny 1 Ariany 2 Arie 1 Ariea 14 Ariel 18 Ariella 12 Arielle 1 Arieonna 3 Arij 1 Arin1 Arine 1 Arion 1 Ariona 5 Arisha 1 Arisma 1 Arissa 1 Arita 1 Aritri 7 Ariya 1 Ariyaan 6 Ariyah 1 Ariyan 2 Ariyana 1 Ariyanna 1 Arizona 1 Arkisha 1 Arla 1 Arlean 2 Arleigh 1 Arlene 1 Arlie 1 Arlissa 1 Arlo 1 Armani 1 Armeet 1 Armoni 1 Arnica 1 Arohi 1 Arora-lynn 1 Arpan 1 Arpita 1 Arrieta 1 Arrillee 1 Arryanna-Marie 3 Arsema 1 Arsheen 1 Arshida 1 Arshin 1 Artemis 1 Artemisia 1 Arushi 1 Arva 1 Arveen 3 Arwa 1 Arwaa 8 Arwen 1 Arwynn 36 Arya2 Aryam 4 Aryana 4 Aryanna 1 Aryannah 1 Aryanne 1 Aryiah 1 Aryisha 1 Aryn 1 Arzoyi 1 Arzu 1 Asa 1 Asahi 1 Asanti 1 Asara 6 Aseel 4 Asees 1 Aseesnoor 1 Asenat 1 Asenath 7 Asha 1 Ashan 1 Ashanti 1 Asher 2 Ashima 2 Ashira 1 Ashlee 22 Ashley 1 Ashlin 9 Ashlyn 8 Ashlynn 1 Ashmene 1 Ashreen 1 Ashtheena 2 Ashton 3 Ashtyn 1 Ashvika 1 Ashyanna 1 Asia 5 Asiya 1 Asiyah 1 Aslan 1 Asli 12 Asma 1 Asmeret 1 Asnath 23 Aspen 1 Aspen-Hope 3 Aspyn1 Asra 1 Assia 1 Assiatou 2 Assil 1 Aston 1 Astou 1 Astraea 1 Astraia 8 Astrid 1 Asuna 1 Asvi 1 Atalia 1 Atarah 1 Ataya 1 Athalia 1 Athaliah 1 Athanne 1 Atheena 27 Athena 1 Athithi 1 Atia 1 Atifa 1 Atina 1 Atiya 1 Atlas 1 Atlee 1 Atley 1 Atli 1 Atong 35 Aubree 1 AuBree-Ella 1 Aubrei 73 Aubrey 1 Aubrianna 5 Aubrie 2 Aubryn 1 Auburn 1 Aude 1 Audie 1 Audora 1 Audra 1 Audrea 2 Audree 1 Audree 70 Audrey 1 Audriana 1 Audrie 5 Audrina3 August 1 Augustina 1 Auna 1 Aundraues 1 Aunessa 2 Aura 1 Auralie 13 Aurelia 1 Aurelie 2 Auria 1 Aurianna 1 Aurielle 68 Aurora 1 Aurora-Frances 1 Aurora-Jill 1 Auryea 1 Auslynn 1 Austen 3 Austin 1 Austina 5 Austyn 41 Autumn 1 Autumn-Rose 207 Ava 1 Avaa 1 Avacyn 1 Avagale 1 Ava-Grace 3 Avah 1 Avah-Bleu 1 Avahlee 1 Avaia 1 Ava-Justine 1 Aval 1 Avaleen 1 Avaleina 1 Avalenah 1 Avaley 1 Avalien 1 Avalina 1 Avaline 3 Avalyn 5 Avalynn 1 Ava-Lynn 1 Ava-lynn 1 Ava-Lynne 1 Ava-Mae 1 Avamaria1 Avamarie 1 Avandhika 1 Avani 3 Avanna 1 Avanthika 3 Avantika 1 Avara 1 Ava-Rain 1 Avareign 1 Avariella 2 Avary 1 Avarya 8 Avaya 1 Avayah 1 Aveena 1 Aveila 7 Aveline 1 Avelle 3 Aven 1 Avera 2 Averi 8 Averie 1 Averii 1 Averin 1 Averleigh 1 Averly 134 Avery 1 Averyl 1 Avery-Lyne 1 Averyona 1 Aveynn 2 Avi 2 Avia 1 Aviala 6 Aviana 11 Avianna 1 Avie 3 Avielle 2 Avigail 1 Avika 2 Avina 1 Avinika 2 Avireet 1 Avis 1 Avisha 1 Aviyana 5 Avleen 2 Avneet2 Avonlea 1 Avonmora 1 Avraley 2 Avreet 1 Avriella 3 Avril 1 Avy 1 Avyleen 1 Avylon 1 Awak 1 Awani 1 Awatef 1 Awbunni 1 Awel 1 Awo 1 Axelle 16 Aya 2 Ayaat 10 Ayah 1 Ayak 1 Ayalguu 1 Ayan 5 Ayana 1 Ayanda 4 Ayanna 1 Ayantu 3 Ayat 1 Ayatullah 1 Ayda 1 Aydriana 11 Ayesha 2 Ayeza 1 Ayezia 1 Ayianna 1 Ayin 2 Ayisha 42 Ayla 1 Aylah 1 Ayla-Jai 1 Aylee 1 Ayleen 5 Aylin 1 Aylish 1 Aynur 1 Ayomidipupo 1 Ayomikun 5 Ayra 2 Ayrah1 Ayrelynn 1 Ayrianna 1 Aysatou 1 Ayse 2 Aysha 1 Ayshah 1 Aysia 1 Ayuen 1 Ayushri 2 Ayva 1 Ayva-Marie 1 Ayveri 1 Ayvia 11 Azalea 1 Azaleah 1 Azalia 1 Azana 1 Azarah 1 Azareya 1 Azaria 4 Azariah 1 Azariel 1 Azaylah 1 Azayleah 1 Azelina 2 Azhar 1 Aziza 1 Azlee 2 Azra 1 Azrielle 1 Azrin 1 Azula 1 Azziyah 4 Baani 1 Baby 1 Baca 1 Baeya 1 Bahaar 1 Bahar 1 Bahara 1 Bahjo 1 Bahnaz 1 Bailee 1 Baileigh 26 Bailey 1 Bakhtawar 1 Balhaar 1 Balsam1 Banan 1 Bane 4 Bani 1 Baninoor 1 Banu 1 Baraa 1 Barbara 1 Barbie 1 Barbra 1 Barirah 1 Bashatu 1 Bashira 1 Basilia 3 Basma 1 Batoul 1 Batsieba 1 Baya 2 Bayan 1 Baylee 2 Bayleigh 1 Bayma 2 Bea 1 Beale 9 Beatrice 3 Beatrix 2 Beautiful 1 Beaux 5 Becca 1 Becka 2 Beckett 1 Beckey 1 Beckham 1 Becky 1 Bekah 1 Bela 1 Belaine 1 Belen 1 Belinda 1 Bell 31 Bella 1 Bellamie 2 Bellamy 1 Bellarose 5 Belle 1 Bemnet 2 Benedicta 2 Benita 1 Benitta2 Bennett 3 Bentlee 4 Bentley 1 Berachah 1 Bereka 1 Berkeley 1 Berklee 7 Berkley 1 Berlin 1 Berni 1 Bernice 1 Bertha 3 Besan 1 Betanya 1 Betelihem 5 Beth 22 Bethany 1 Bethany-Ann 1 Bethea 6 Bethel 1 Betheny 1 Bethina 1 Betiale 1 Betsady 8 Betty 2 Beverly 1 Bex 1 Bexlee 5 Bexley 1 Bezah 2 Bezawit 1 Bhag 1 Bhakti 1 Bhavreet 1 Bhavsharan 1 Bhuvi 11 Bianca 1 Bibi 1 Bijou 1 Bilen 1 Billey 4 Billie 1 Biluany 1 Bimih 1 Binja 1 Birdie 1 Birkley 1 Birkyn1 Bisan 1 Bismah 2 Bitania 1 Bitel-Shishai 9 Blair 14 Blaire 1 Blaise 48 Blake 1 Blake-Lee 22 Blakely 1 Blakelynn 1 Blane-Musie 2 Blayke 1 Blayn 1 Blen 3 Blessing 1 Blessy 1 Bleu 1 Bliss 1 Blossom 1 Blu 1 Blythe 1 Bo 1 Boa 1 Bobbie 3 Bodhi 1 Bolynn 2 Bonnie 1 Bontu 1 Bow 1 Bowen 1 Brae 1 Braeleigh 1 Braeli 1 Braelyann 4 Braelyn 7 Braelynn 1 Braia 1 Brailey 1 Brailyn 1 Brailynn 1 Brankica 1 Braya 1 Brayden 1 Braydi 1 Brayla 2 Braylee 3 Braylin1 Braylyn 5 Brea 3 Breah 1 Brealynn 14 Breanna 1 Breanne 1 Breckyn 13 Bree 1 Breelle 1 Breelyn 1 Breindal 1 Brelynn 4 Brenda 3 Brenna 1 Brenwyn 1 Bretlyn 1 Brett 1 Brettlynn 2 Bretton 2 Brexley 1 Brexlyn 1 Breyah 7 Bria 3 Briana 26 Brianna 1 Briannafaye 2 Brianne 27 Briar 2 Briar-Rose 14 Bridget 3 Bridgette 3 Brie 1 Briea 1 Briele 16 Briella 1 Briella-Rae 74 Brielle 1 Brie-Lynn 1 Brienna 1 Brier 1 Brighton 1 Brigitta 1 Brigitte 1 Brin 2 Brinkley 5 Brinlee 24 Brinley 2 Brinly1 Brinn 1 Brinna 1 Brisa 3 Bristol 1 Britney 1 Britta 1 Brittany 1 Britten 1 Brittney 1 Brittnie 1 Britton 2 Brittyn 2 Brixleigh 1 Brixon 2 Brixton 1 Brixtyn 1 Brodi 1 Brome 2 Bronwen 7 Bronwyn 1 Bronwynn 2 Brook 40 Brooke 1 Brookelyn 107 Brooklyn 17 Brooklynn 1 Brook-Lynn 1 Brooklynne 2 Bryanna 2 Bryar 2 Bryce 1 Brye 1 Bryelle 1 Bryer 1 Brylee 2 Bryn 1 Bryndi 1 Brynlea 31 Brynlee 2 Brynleigh 13 Brynley 1 Brynlie 31 Brynn 2 Brynna 1 Brynne 3 Brynnlee 3 Brynnley 1 Brynnlie2 Brynnly 3 Bushra 1 Byanka 1 Cabela 1 Cabella 1 Cabrie 24 Cadence 1 Cady 1 Caeli 1 Caelyn 6 Caia 1 Caileen 1 Caileigh 1 Cailey 1 Caili 1 Cailin 2 Cailyn 1 Cairo 5 Caitlin 1 Caitlove 6 Caitlyn 1 Cala 1 Caleese 1 Caleesi 3 Caleigh 1 Caley 20 Cali 2 Calia 1 Caliah 2 Caliana 1 Calianna 1 Caliegh 4 Calista 1 Caliya 10 Calla 2 Calleigh 1 Calli 2 Callia 23 Callie 5 Calliope 1 Calyanna 1 Calyssa 1 Calysta 2 Cambreigh 7 Cambria 1 Camelia 1 Camellia 11 Cameron2 Cami 1 Camiele 11 Camila 1 Camilia 10 Camilla 8 Camille 1 Camirah 2 Campbell 1 Camrie 7 Camryn 1 Camrynn 2 Candace 1 Candice 1 Candy 1 Canssendra 5 Caoimhe 5 Capri 1 Caprice 12 Cara 1 Caralee 1 Caralynn 1 Carel 1 Carele 2 Carina 2 Carissa 3 Carla 2 Carlee 2 Carleigh 1 Carlene 2 Carley 3 Carlie 1 Carlin 1 Carlisle 8 Carly 1 Carly-Ann 1 Carlyn 2 Carmel 4 Carmela 1 Carmelina 1 Carmelita 8 Carmen 1 Carolina 10 Caroline 3 Carolyn 1 Carrie 3 Carter 3 Carys 1 Casandra18 Casey 1 Cashlynn 1 Casper 20 Cassandra 1 Cassey 1 Cassia 1 Cassiaus 1 Cassidee 21 Cassidy 5 Cassie 2 Cassielle 3 Catalaya 1 Cataleya 4 Catalina 1 Cate 17 Catherine 1 Catherine-Yosef 2 Cathy 1 Catilaya 1 Cattleya 1 Cavelli 1 Cavlynn 2 Caydence 1 Caydie 2 Cayla 1 Caylee 4 Cayleigh 1 Caylen 1 Caylin 1 Cazariah 1 Cazzie 1 Ceana 1 Cece 3 Cecelia 1 Cecilee 13 Cecilia 4 Cecily 2 Cedar 1 Ceeanna 1 Ceileigh 2 Ceili 1 Ceilidh 1 Celena 5 Celeste 1 Celeste 1 Celestina 4 Celestine 1 Celia1 Celina 10 Celine 2 Celine 1 Cerys 1 Chace 1 Chaianne 1 Chalice 1 Chalome 1 Chanasia 1 Chance 1 Chandelle 1 Chandra 9 Chanel 1 Chanelle 2 Chantal 8 Chantelle 1 Charis 1 Charisa 1 Charisse 1 Chariya 1 Charleah 23 Charlee 1 Charlee-Ann 6 Charleigh 1 Charlene 1 Charleston 2 Charlette 14 Charley 4 Charli 53 Charlie 1 Charlile 2 Charlise 8 Charlize 180 Charlotte 4 Charly 1 Charm 1 Chauelle 1 Chaya 11 Chelsea 2 Chelsey 2 Chelsie 1 Chenelle 1 Chenice 1 Cherie 1 Cherie-Brielle 2 Cherish 1 Cherokee 1 Chesa1 Cheska 1 Chevi 1 Chevralynn 1 Cheyanna 1 Cheyanne 9 Cheyenne 2 Chiara 1 Chidera 1 Chidiadi 1 Chikaima 1 Chikamalu 1 Chimamanda 1 Chinenye 4 Chisom 1 Chitrinikasri 1 Chizara 1 Chizaram 1 Chlaire 1 Chleatala 166 Chloe 11 Chloe 1 Chloe-Dean 1 Chloe-Giscelle 1 Chloe-Rae 1 Chlydemarc 1 Chris-Ann 1 Christa 1 Christabel 1 Christa-Maria 2 Christelle 1 Christiana 1 Christiane 1 Christie-Lynn 8 Christina 9 Christine 1 Christsnowrey 2 Christy 1 Chuong 1 Ciah 2 Ciana 4 Cianna 9 Ciara 1 Ciarra 1 Cielle 1 Ciera 2 Cierra 1 Cindel-Rae 4 Cindy1 Cirella 1 Cirsha 3 Claira 101 Claire 1 Claire-Antonette 58 Clara 1 Clarabelle 5 Clare 1 Clareabella 1 Clarice 1 Clarisha 2 Clarissa 4 Clarke 1 Clary 1 Claudia 6 Clementine 7 Cleo 1 Cleopatra 1 Clio 1 Cloe 1 Cloey 7 Clover 1 Cobie 4 Coco 1 Codi 1 Codi-Rey 1 Codou 1 Cody 5 Colbie 2 Colby 1 Coleen 4 Colette 1 Colleen 7 Collins 2 Collyns 1 Comfort 1 Conrada 1 Constance 1 Coolie 4 Cooper 1 Copeland 11 Cora 1 Coral 1 Coralena 2 Coralie 1 Coraline 1 Cora-Lynn 1 Corbyn5 Cordelia 2 Cori 3 Cosette 6 Courtney 1 Cove 1 Covee 1 Cowan 1 Cozette 1 Crainsor 2 Cree 1 Creeanna 1 Creedance 1 Creedence 1 Crisleigh 3 Cristina 1 Cruz 1 Crysania 2 Crystal 2 Crystal-Ann 1 Csea 1 Cyanie 1 Cydni 1 Cyjaye 6 Cynthia 2 Cyra 1 Cyrelle 1 Cyri 2 Czarina 1 Czeryvil 1 Da 1 Daaniyah 1 Daanya 1 Dacia 1 Daedra 1 Daejah 1 Daelee 1 Daelyn 3 Daenerys 7 Dahlia 1 Dahliia 1 Daijah 1 Daina 1 Daisha 17 Daisy 1 Daityn 1 Daiva 1 Daizy 1 Dajana1 Dakoda 7 Dakota 1 Dakotah 1 Dalal 1 Dale 2 Dalia 1 Daliah 2 Dalida 1 Dalilah 10 Dallas 1 Dallya 1 Dalya 2 Damaris 1 Damilola 1 Damin 5 Dana 1 Danae 1 Dancing 1 Daneeka 1 Daneen 1 Danella 2 Danelle 4 Dani 9 Dania 19 Danica 8 Daniela 14 Daniella 21 Danielle 8 Danika 1 Danika-Rae 1 Danila 3 Danna 1 Danney 2 Danni 1 Dannieka 1 Dannielle 1 Dannika 4 Danya 12 Daphne 1 Daralie 1 Daralynne 2 Darby 1 Darcee 1 Darcey 2 Darcy 1 Daria 1 Darielle 1 Darien1 Darika 1 Darina 3 Darlene 1 Darlene-Devine 1 Darpan 1 Darrellee 1 Darria 2 Darya 2 Daryn 4 Daryna 1 Dasha 1 Dashelle 1 Dashiell 1 Dasol 1 Davarah 1 Daveen 1 Davida 1 Davie 4 Davina 1 Davinee 1 Davinia 1 Davlynn 1 Davy 1 Dawn 1 Dawnee 3 Dawson 1 Dawsyn 1 Dawt 1 Daya 1 Dayla 1 Dayna 1 Daytona 1 Dayva 1 Deana 1 Deandra 1 Deand-Rhea 1 Deane 3 Deanna 1 Dear 9 Deborah 2 Debra 1 Debrah 1 Decklyn 1 Declan 1 Deeba 1 Deegan 1 Deelia 1 Deema2 Deena 1 Deepti 1 Deetya 1 Deeya 2 Defne 1 Dehlia 1 Deirdre 1 Deja 1 Deklyn 11 Delaney 1 Delany 1 Delayne 2 Delia 1 Delicia 1 Delila 15 Delilah 2 Delina 1 Delirah 3 Della 1 Dellen 1 Dellina 1 Delphine 2 Delta 1 Dema 1 Demetria 7 Demi 1 Demika 1 Demilade 1 Dena 1 Denae 1 Denaeya 1 Denai 1 Denay 1 Denaya 1 Denia 1 Denica 2 Denika 1 Denisa 1 Denise 1 Denniele 1 Dennise 2 Denver 1 Denyque 1 Deoni 1 Deran 1 Derin 4 Desirae 1 Desiray1 Desire 3 Desiree 1 Desiree 1 Deslie 1 Deslyn 1 Desni 1 Despina 1 Dessa 1 Dessephany 1 Destany 1 Desteny 1 Destina 1 Destinee 16 Destiny 1 Destiny-Lynne 1 Devanshi 1 Devapriya 1 Devin 1 Devon 1 Devonee 1 Devon-Leigh 4 Devyn 3 Devynn 1 Devynn-Marie 1 Deya 1 Dezaray 1 Dezirae 1 Dhani. 1 Dhanika 1 Dhanshika 1 Dhanvi 1 Dhanwant 1 Dhea 2 Dhiya 2 Dhuha 1 Dhwani 1 Dia 11 Diana 1 Diane 2 Dianna 1 Dibora 1 Diedrianna 1 Diem 1 Dijalei 1 Diksha 2 Dil 1 Dila 1 Dilnaaz1 Dilreet 2 Dima 1 Dimma 2 Dina 1 Dinali 1 Dionysia 1 Diora 1 Disha 1 Dishita 1 Ditya 2 Divine 2 Divleen 1 Divnoor 1 Divroop 3 Divya 2 Dixie 6 Diya 1 Diyana 1 Diyani 1 Diyara 1 Dlyet 2 Dominika 2 Dominique 1 Domynica 1 Donna 1 Donya 1 Dora 1 Doreen 1 Dorhea 2 Doris 9 Dorothy 1 Dovlyn 1 Dracen 1 Draya 1 Draydalyn 2 Drea 3 Drew 1 Dreya 1 Dreyah 2 Drishti 1 Drishya 1 Driti 1 D'Shay 1 Dua 1 Duaa 1 Duaa-Dotty 1 Dulce 1 Dungehan2 Dunya 1 Dyana 14 Dylan 1 Dylann 1 Dzifah 1 Eaknoor 1 Eala 1 eala 1 Easton 2 Eastyn 1 Ebbigael 3 Eberle 2 Eberlee 1 Eberley 1 Ebony 1 Ebunoluwa 1 Ecelia 4 Echo 1 Edel 25 Eden 5 Edie 1 Edina 1 Edinat 1 Edison 8 Edith 1 Edna 1 Edzl 1 Eelaff 1 Eeren 1 Eesha 1 Eeshal 1 Eeshani 1 Efeosa 1 Effie 3 Efrata 1 Efua 1 Eghe 1 Egypt 1 Ehlonna 1 Ehly 1 Eila 1 Eilah 5 Eileen 1 Eilena 2 Eilidh 1 Eilie 1 Eilish 2 Eiliyah1 Eilyanna 1 Eimaan 3 Eira 1 Eireann 1 Eirica 1 Eisle 1 Eisley 1 Eja 2 Ekam 4 Ekaterina 1 Ekaterini 1 Ekhlas 1 Ekimjot 1 Ekjot 1 Ekman 3 Eknoor 1 Ekpreet 1 Elaf 1 Elah 15 Elaina 8 Elaine 3 Elana 1 Elandri 1 Elania 1 Elanna 2 Elanor 3 Elara 1 Elaurenne 2 Elayna 3 Eldana 3 Eleana 52 Eleanor 1 Eleanora 2 Eleen 1 Eleleta 44 Elena 2 Elene 2 Eleni 1 Elenor 1 Elenya 1 Eleonora 1 Eleora 1 Elexis 1 Eleyah 2 Elhana 4 Elia 36 Eliana 7 Elianna1 Eliannah 1 Elias 1 Elicia 2 Elida 2 Elif 1 Elim 5 Elin 9 Elina 1 Elina-Honieh 2 Elinor 5 Eliora 1 Eliora-Grace 9 Elisa 9 Elisabeth 1 Elisanne 1 Elisavet 49 Elise 1 Elise-Gabrielle 11 Elisha 1 Elishka 3 Elissa 1 elissa 1 Elisse 1 Elita 1 Eliyah 2 Eliyana 1 Eliyanah 21 Eliza 1 Elizabelle 1 Elizabete 134 Elizabeth 1 elizabeth 1 Elizabeth-Joy 1 Eliza-Leann 2 Elizandra 1 Elizatrice 1 Elize 1 Elka 123 Ella 1 Ella-Grace 2 Ellah 1 Ellahha 2 Ellaina 1 Ellaine 1 Ellaira 1 Ella-Mae 1 Ellanor 1 Ella-Rae1 Ellarose 1 Ella-Rose 1 E'llayah 13 Elle 1 Elleanor 1 Elleden 1 Elleiannah 2 Ellen 1 Ellenna 1 Ellenora 1 Ellentia 4 Ellery 3 Ellia 12 Elliana 5 Ellianna 1 Ellianne 117 Ellie 1 Ellieanna 1 Ellie-Anna 1 Ellie-Mae 1 Ellienna 1 Ellie-Rose 2 Elliette 1 elliette 2 Ellington 1 Ellinor 12 Elliot 13 Elliott 3 Elliotte 6 Ellis 1 Ellisha 1 Ellissya 1 Ellistyn 1 Ellorie 1 Ellouise 2 Ellowyn 1 Ellsie 8 Elly 1 Ellyana 1 Ellyawna 1 Ellyce 1 Ellyette 2 Ellyse 1 Ellyssa 1 Elma 1 Elmas 1 Elmire 1 Elna1 Elnaz 1 Elodi 10 Elodie 1 elodie 2 Elody 1 Eloghene 2 Eloghosa 1 Eloisa 25 Eloise 14 Elora 1 Elouisa 3 Elowen 3 Elowyn 9 Elsa 1 Elsa-Makaila 1 Elsbeth 1 Elsecca 1 Elshalom 1 Elsi 22 Elsie 1 Elska 1 Elthea 1 Eluna-Aron-Embaye 1 Elvanna 1 Elvy 4 Elyana 16 Elyse 1 Elysia 3 Elyza 2 Ema 2 Emaan 1 Emaline 1 Emalyn 1 Emalynn 4 Eman 1 Emanuelly 1 Emaya 19 Ember 2 Emberleigh 1 Ember-Leigh 1 Emberley 4 Emberly 1 Ember-Ryan 1 Embree 8 Emelia 1 Emeliana 1 Emeline 1 Emelita2 Emelyn 5 Emerald 3 Emerance 5 Emerie 1 Emeriece 1 Emerly-Faith 1 Emerlyn 1 Emerlynn 18 Emerson 17 Emersyn 1 Emerus 34 Emery 1 Emery-Jordin 1 Emery-Rose 1 Emesomi 4 Emi 1 Emi-Julienne 1 Emiko 1 Emilda 1 Emileah 3 Emilee 1 Emileigh 1 Emileigha 1 Emilene 1 Emiley 50 Emilia 12 Emilie 3 emilie 1 Emilija 1 Emillie 187 Emily 1 Emily-lynn 1 Emira 1 Emjay 1 Emliy 1 Emlyn 249 Emma 1 Emma-Beth 1 Emma-Grace 1 Emmah 1 Emma-Lee 1 Emmalena 2 Emmaline 1 Emmalyn 1 Emmalynn 1 Emma-Lynn 1 Emma-Marie 1 Emma-May1 Emma-Nova 2 Emmanuela 6 Emmanuella 5 Emmanuelle 1 Emmanula 1 Emmaree 1 Emmariah 1 Emma-Rose 1 Emmaya 7 Emmeline 1 Emmelyne 1 Emmerentia 3 Emmerson 1 Emmery 3 Emmi 1 Emmie 1 Emmilia 5 Emmy 2 Emnet 1 Emoree 1 Emory 1 Emree 1 Emreigh 2 Emrie 1 Emrika 1 Emryelle 1 Emryn 1 Emrys 2 Emsley 1 Emy 1 emy 2 Emylia 1 Emylin 1 Emyra 1 Emyrah 1 Emyrson 2 Ena 1 Enayat 1 Eneilia 2 Eniola 1 Eniolaoluwa 1 Enioluwa 1 Enkhmaral 1 Enni 1 Enola 1 Entesar 1 Entessar 1 Enuwa1 Envy-Anastasia 1 Enya 1 Eowyn 1 Ephia 1 Erah 1 Eraley 1 Ereshva 1 Eretria 1 Eriane 8 Erica 1 Eri-Ife 14 Erika 16 Erin 1 Erinjoie 1 Erioluwa 1 Eris 1 Ero 1 Errhyl 1 Ersheen 1 Eryka 1 Eryn 1 Erza 1 Esabella 1 Esha 4 Eshaal 1 Eslem 2 Esma 6 Esme 3 Esme 1 Esmee 1 Esmee 1 Esmee 1 Esmeralda 3 Esra 1 Esraa 1 Este 15 Estelle 1 Ester 23 Esther 1 Esther-Pearl 1 Estrelle 1 Esuperance 7 Etta 1 Eula 1 Eunah 3 Eunice 1 Eurielle 82 Eva1 Eva 1 Evabelle 1 Evadelle 1 Eva-Joe 1 Evaleen 3 Evalyn 1 Evalynn 1 Evalynne 2 Evan 3 Evana 2 Evangelia 2 Evangelina 40 Evangeline 1 Evania 1 Evanna 19 Eve 1 Eveah 3 Eveleen 1 Evelene 2 Evelia 1 Evelin 6 Evelina 1 Eveline 107 Evelyn 1 Evelyne 6 Evelynn 1 Evelynne 1 Evenita 1 Ever 1 Everest-Grae 2 Everlea 9 Everlee 29 Everleigh 7 Everley 1 Everli 2 Everlie 1 Everlit 79 Everly 1 Evey 1 Evia 1 Eviana 3 Evianna 12 Evie 1 Evienne 1 Evin 2 Evleen 1 Evlin 1 Evrim1 Evy 1 Evyana 2 Evyn 2 Evynn 1 Ewaoluwa 1 Exko 1 Eyan 1 Eyerusalem 1 Eyleigh 1 Eylia 2 Eylul 1 Ezichim 1 Ezmene 4 Ezra 1 Ezrah 1 Ezraya 1 Ezreya 1 Ezri 1 Ezria 1 Ezriella 2 Ezzah 1 Ezzie 1 Faazila 1 Fabianna 1 Fabiha 1 Faeryn 1 Fahima 29 Faith 4 Faiza 1 Fajar 3 Fallon 1 Fallyn 1 Falon 1 Fanan 1 Fantine 1 Faolan 1 Faora 2 Fara 5 Farah 1 Faramade 2 Fardowsa 1 Farhia 1 Faridah 4 Fariha 10 Farrah 1 Farron 1 Farwa 1 Farya1 Faryal 1 Fatema 1 Fatemah 1 Fatemeh 1 Fathima 27 Fatima 8 Fatimah 1 Fatimazahra 1 Fatou 1 Fatoumata 1 Faustina 2 Favour 1 Fay 1 Fayane 1 Fayden 7 Faye 1 Fayelynn 1 Fayrouz 1 Fayth-Mae 1 Fehintoluwa 1 Felagot 1 Felecity 2 Felicia 20 Felicity 1 Felicja 1 Feliz 2 Female 1 Fenelon 1 Fennel 2 Fern 1 Ferne 1 Feroza 1 Feven 1 Fia 1 Fiadh 1 Fiayosaiyemi 1 Finity 28 Finley 1 Finn 5 Finnley 1 Finya 1 Fiolla 17 Fiona 1 Fira 1 Flera 1 Fletcher 1 Fleurie 3 Flora6 Florence 1 Florencia 1 Francene 17 Frances 14 Francesca 1 Franchesca 3 Francheska 2 Francine 1 Francis 1 Francisca 1 Franczene 1 Frankee 1 Franki 9 Frankie 1 Franky 1 Franzyn 3 Fraya 1 Freia 1 Freida 2 Freja 48 Freya 1 Freyaah 1 Freyia 3 Freyja 2 Frida 1 Frieda 1 Frishta 1 Furaha 1 Furya 1 Fynlee 1 Fynn 2 Fynnley 1 Gabby 1 Gabriana 9 Gabriela 40 Gabriella 1 Gabriella-Faith 30 Gabrielle 1 Gage 1 Gaia 1 Gala 1 Galila 1 Gamela 1 Ganeev 1 Ganeve 1 Ganika 1 Gannica 1 Garance1 Gargee 2 Gauri 1 Gavrielle 1 Gavrila 1 Geann 1 Gebrielle 1 Geet 1 Gelila 17 Gemma 1 Gemmalena 5 Genesis 3 Geneva 1 Genevie 8 Genevieve 4 GeneviEve 1 Genisis 1 Genne 1 Geo 2 Georgette 54 Georgia 1 Georgiana 1 Georgie 5 Georgina 1 Georgina-Lynn 1 Georsiah 1 Getruda 2 Ghina 1 Ghita 13 Gia 3 Giada 1 Giana 1 Gianella 1 Gianina 14 Gianna 1 Gianne 1 Giannina 1 Giiftii 1 Gilana 7 Gillian 1 Gina 1 Ginny 2 Giovanna 1 Girlie 1 Gisela 2 Gisele 7 Giselle 1 Gizelle 1 Glacia1 Gladys 1 Glaissa 1 Glenna 1 Gles 10 Gloria 1 Gnine 1 Goamar 1 Gofran 1 Goldie 1 Gowri 135 Grace 1 Grace-Ann 1 Gracelin 7 Gracelyn 7 Gracelynn 1 Gracelynn-Mae 1 Gracen 1 Gracey 1 Graceyn 3 Gracia 1 Gracia-Nkana 1 Gracica 17 Gracie 2 Graciela 1 Gracie-Mae 1 Gracy 2 Gracyn 1 Grai 1 Graisyn 1 Gray 1 Graya 4 Grayson 1 Greer 1 Grenley 1 Gressa 9 Greta 1 Gretel 1 Grettel 1 Greyleigh 1 Greyson 1 Grier 1 Griffiella 1 Griffin 1 Grissel 1 Gryffon 1 Guinevere 1 Gulsum 2 Guneet1 Gunnaz 2 Gunreet 1 Guntaas 1 Guntaj 1 Guraksh 2 Gurasees 6 Gurbani 1 Gurjot 1 Gurkirat 1 Gurkirpa 1 Gurkirt 1 Gurleen 1 Gurliv 1 Gurman 1 Gurmehak 2 Gurmehar 2 Gurnaaz 1 Gurnaz 1 Gurneet 1 Gurneet-Kaur 9 Gurnoor 1 Gurpal 1 Gurpreet 1 Gursakhi 1 Gursanjh 1 Gurseerat 1 Gursimran 1 Gursneh 1 Gurveen 6 Gwen 1 Gwendalyn 7 Gwendolyn 1 Gwennyth 1 Gwenyth 1 Gwyn 3 Gwyneth 1 Gwynhyvar 1 Gylle 1 Haadiya 2 Habiba 1 Habibah 1 Habon 6 Hadassah 4 Haddie 1 Haddlie 1 Hadessah 1 Hadia 1 Hadiya6 Hadlee 2 Hadleigh 36 Hadley 1 Hadlynn 1 Haedyn 1 Haelyn 1 Haeun 12 Hafsa 4 Hafsah 1 Haibadah 1 Haiden 1 Haidyn 1 Haifa 1 Hailee 1 Hailees 1 Haileigh 108 Hailey 1 Hailey-Jayne 3 Hailie 1 Haislee 1 Haisley 1 Haivyn 2 Hajar 1 Hajirah 1 Hajrah 1 Hakenna 3 Hala 1 Halaina 8 Haley 1 Hali 1 Halim 3 Halima 1 Halina 1 Halla 15 Halle 1 Hallee 1 Hallelujah 1 Halleluyah 3 Hallie 1 Hallow 1 Halmata 2 Halo 1 Halston 1 Hamda 1 Hamna 1 Hamnah 1 Han 20 Hana2 Hanaa 1 Hanako 4 Hanan 1 Hananiah 1 Haneefah 1 Haneet 5 Hania 2 Hanin 1 Hanit 3 Haniya 1 Haniyah 29 Hanna 127 Hannah 1 Hannah-May 1 Hannah-Rose 1 Hannan 1 Hanne 1 Hanni 1 Hara 3 Hareem 1 Hareer 1 Harf 6 Hargun 1 Harjap 1 Harjus 1 Harla 7 Harlee 4 Harleen 2 Harleigh 1 Harlen 11 Harley 1 HarleyQuinn 1 Harli 2 Harlie 3 Harliv 1 Harlo 34 Harlow 1 Harlowe 15 Harlyn 7 Harlynn 1 Harmehar 4 Harmony 1 Harnaaz 3 Harnoor 1 Harparteet 109 Harper 5 Harriet 3 Harseerat1 Harshaan 1 Harshita 1 Hartlee 1 Hartleigh 2 Hartley 1 Harveen 1 Hasana 1 Hasini 3 Hasna 1 Hasratdeep 1 Hasrt 1 Hasset 2 Hattie 1 Havanna 21 Haven 1 Havilah 1 Havin 6 Hawa 1 Hawi 3 Haya 1 Hayad 1 Hayah 2 Hayat 1 Haydee 1 Haydee 17 Hayden 1 Hayfa 1 Hayget 7 Haylee 1 Haylen 10 Hayley 2 Haylie 2 Hayven 1 Hayya 1 Hayze 1 Hazael 83 Hazel 1 Hazelle 1 Hazey 1 Hazyn 1 Heartley 1 Heart-Lynn 2 Heather 5 Heaven 1 Heavenjot 5 Heavenly 1 Heavenly-Anne 1 Heavens1 Hebe 1 Heeba 1 Heeya 34 Heidi 1 Heili 2 Helaina 1 Heleen 6 Helen 20 Helena 2 Helene 1 Helga 2 Helin 1 Helliah 1 Helliba 1 Helyn 1 Hendrix 1 Henlee 5 Henley 1 Henriette 2 Hensley 1 Hephzibah 1 Hera 2 Heran 1 Hermiene 2 Hermione 1 Hermona 1 Heven 1 Hevenly 1 Hewan 1 Heyoan 2 Hiam 1 Hiba 2 Hibba 1 Hidaya 1 Hidayah 1 Hikma 2 Hilary 1 Hilda 3 Hilde 1 Hillary 1 Himani 1 Hinare 1 Hinaya 2 Hira 1 Hiral 1 Hiree 1 Hitha 2 Hiyab2 Hiyabel 1 Hoai 1 Hoai-Thuong 2 Holland 2 Holley 2 Hollie 1 Hollis 22 Holly 2 Honesty 2 Honey 1 Honor 1 Honore-Lee 1 Honourine 6 Hoorain 2 Hooriya 23 Hope 1 Horera 1 Horizon 1 Hosaena 2 Hosanna 2 Hosna 1 Houda 1 Hridya 4 Huda 5 Hudson 2 Hudsyn 1 Hui 1 Huldah 2 Humaira 1 Humna 3 Hunar 6 Hunter 1 Hunter-Sophia 1 Huong 1 Hurain 1 Hurra 4 Husna 1 Husniya 1 Huxlee 1 Huxley 1 Hyacinth 1 Hydie 1 Hypherion 1 Iannah 1 Iara 1 Ibadat 1 Ibex 1 Ibrah1 Ibtihal 1 Ibtisam 2 Icelynn 1 Iceshadora 2 Ida 1 Idara 1 Idhika 1 Idia 1 Idman 1 Ifeoluwa 1 Ifnaan 1 Ifrah 1 Iftu 1 Ifunanya 1 Igra 1 Ihsan 1 Ijeoma 2 Ikhlas 1 Iklas 1 Ikpreet 1 Ikram 2 Ila 1 Ilara 2 Ileana 1 Ilene 1 Ilham 3 Ilhan 2 Iliana 2 Iliza 1 Illeanna 1 Illia 1 Illiyana 1 Illya 1 Illyana 1 Illyanna 1 Ilma 1 Ily 3 Ilyana 3 Imaan 1 Imamah 11 Iman 1 Imane 1 Imani 1 Imaya 5 Imogen 1 Imrat 1 Imrona 1 Ina6 Inaaya 5 Inara 10 Inaya 5 Inayah 1 Inayat 1 Indi 3 India 4 Indiana 4 Indie 1 Indy 1 Indya 1 InEs 1 Inez 1 Infiniti 2 Ingrid 1 Inicka 2 Inioluwa 1 Inna 1 Innayah 1 Innayat 1 Innes 1 Insiya 1 Intesar 1 Iona 2 Ionna 2 Iqra 1 Iqraa 9 Ira 1 Iraz 5 Ireland 2 Irelyn 1 Irelynn 8 Irene 1 Ireoluwa 1 Irerinmola 1 Irewemayo 2 Irhaa 1 Iria 16 Iris 1 Irma 16 Isabel 4 Isabela 1 Isabel-Eliza 1 Isabell 135 Isabella 81 Isabelle 4 Isadora 1 Isahbella1 Isaiahna 1 Isamaria 2 Isaura 1 Isavella 3 Isha 1 Ishana 2 Ishani 1 Ishanvi 1 Ishi 1 Ishika 1 Ishita 1 Isio-Oghene 1 Iskwesis 103 Isla 1 Isla-Rae 1 Islay 2 Isley 7 Isobel 1 Isobel-Eliza 3 Isobelle 2 Isolde 3 Isra 3 Israa 1 Israel 1 Issabella 1 Issabelle 2 Issra 1 istahil 1 Italia 3 Iva 1 Ivana 4 Ivanka 6 Ivanna 3 Ivey 1 Ivie 3 Ivory 77 Ivy 1 Ivy-Mai 1 Ivy-Rose 1 Iyana 5 Iyla 1 Iylee 1 Izabel 1 Izabela 1 Izabell 10 Izabella 1 Izabelle 1 Izaiah1 Izanna 1 Izna 1 Izobel 1 Izzabelle 1 Ja 1 Jaanaki 2 Jaanvi 1 Jace 1 Jacelle 1 Jacelyn 2 Jacey 1 Jacinta 1 Jacinthe 1 Jackie 3 Jacklyn 2 Jaclyn 1 Jacqlyn 13 Jacqueline 1 Jacquelyn 13 Jada 1 Jadaya 46 Jade 1 Jade 1 Jade-Lynn 1 Jaden 1 Jadie 1 Jadiel 2 Jadyn 3 Jadzia 1 Jaeda 1 Jael 1 Jaelin 4 Jaelyn 2 Jaelynn 1 Jaenerys 1 Jaha 1 Jahdiyah 1 Jahmya 1 Jahnavel 1 Jahziel 1 Jai 3 Jaida 1 Jaideyn 2 Jaidyn 1 Jaika 1 Jaila 1 Jaina 1 Jaisha1 Jaisleen 1 Jaiya 1 Jaiyanna 1 Jakleen 1 Jalayna 1 Jaleah 2 Jaleesa 1 Jaleigha 1 Jaleila 1 Jaliyah 1 Jalyn 1 Jalyssa 1 Jamarah 1 Jameela 1 James 4 Jamie 1 Jamie-Lynn 2 Jamila 1 Jamilah 1 Jamilla 1 Jaminah 1 Jamis 1 Jamoraeim 1 Jamyah 19 Jana 1 Janaan 2 Janae 1 Janaiah 1 Janak 1 Janani 1 Jananya 1 Janat 1 Janavi 1 Janay 3 Janaya 1 Janczien 14 Jane 2 Janel 6 Janella 9 Janelle 1 Janellis 2 Janessa 1 Janet 1 Jania 3 Janice 1 Janie 1 Janiella 1 Janie-Mae1 Janika 2 Janina 5 Janine 1 Janis 1 Janiyah 1 Janiyah-Iman 1 Janmaine 3 Janna 9 Jannah 1 Jannalise 3 Jannat 1 Jannine 1 Japjeet 4 Japji 1 Japjit 2 Japleen 2 Japneet 1 Japveer 1 Jardashley 1 Jaris 1 Jarleen 1 Jarry-Lynn 1 Jasgun 1 Jashawnee 1 Jashayna 1 Jasime 1 Jaskirat 3 Jasleen 1 Jasmeet 1 Jasmin 33 Jasmine 1 Jasmine-Isabel 1 Jasmyn 1 Jasneet 1 Jasnit 1 Jasnoor 1 Jasper 2 Jasreet 1 Jassman 1 Jaudrei 1 Javeria 1 Jaxie 2 Jaxon 1 Jaxyn-Rose 4 Jaya 1 Jayah 3 Jayanna 1 Jayasri2 Jayce 1 Jaycee 3 Jaycie 9 Jayda 1 Jayda-Joy 1 Jaydalyn 9 Jayde 1 Jaydee 1 Jaydelyn 8 Jayden 1 Jayelle 12 Jayla 1 Jaylah 2 Jaylee 1 Jayley 1 Jaylin 2 Jaylyn 2 Jaylynn 1 Jaymee 1 Jaymie 2 Jayna 4 Jayne 1 Jayzannah-Mae 1 Jayzen 1 Jazaela 1 Jazaria 1 Jazelle 1 Jazleen 4 Jazlyn 1 Jazmeen 1 Jazmin 1 Jazmine 2 Jazmyn 1 Jeamyrah 2 Jeana 1 Jeanelle 1 Jeanette 1 Jeanine-Joely 1 Jeannette 1 Jeannie 1 Jeevanpreet 1 Jeevit 1 Jehdeiah 1 Jehna 1 Jelena 1 Jelieana 2 Jelina 1 Jelissa2 Jemima 6 Jemma 1 Jenaan 1 Jenae 2 Jenan 2 Jenaya 1 Jenayah 1 Jeneah 1 Jenell 1 Jenessa 1 Jeneya 1 Jenica 14 Jenna 2 Jennah 1 Jenna-leigh 1 Jennaly 1 Jennica 16 Jennifer 1 Jennine 1 Jennisa 3 Jenny 1 Jenora 1 Jerah 1 Jerich 1 Jerilyn 1 Jerimie-Ann 1 Jerina 1 Jerrika 1 Jeryn 1 Jerzee 1 Jerzen 1 Jerzey 1 Jerzie 1 Jesenia 1 Jeshyla 1 Jeska 1 Jesmin 6 Jessa 5 Jesse 32 Jessica 1 Jessica-Lee 7 Jessie 1 Jessika 1 Jetlyn 1 Jett 6 Jewel 1 Jewels 1 Jeylene1 Jeynae 1 Jezebel 1 Jezette 1 Jhaicca 1 Jheda 1 Jhene 1 Jhoannah 8 Jia 1 Jiajia 1 Jiane 1 Jiaxi 1 Jiayue 1 Jie 1 Jigyasa 2 Jill 13 Jillian 1 Jilliana 1 Jilliane 1 Jillianne 2 Jinan 1 Jinaya 1 Jind 1 Jing 1 Jingxuan 1 Jingyan 1 Jinni 1 Jionah 1 Jireh 1 Jivana 1 Jiwoo 7 Jiya 1 Jiyadeep 1 Jiyanne 1 Jiyu 1 J'lani 1 Jm 1 Jnnat 3 Joan 1 Joana 13 Joanna 5 Joanne 12 Jocelyn 1 Jocelyne 2 Jocelynn 1 Jodi 1 Jody 1 Joella 11 Joelle1 Joelliane 1 Joely 1 Joeny 3 Joey 1 Joezeph-Anaiah 1 Johanah-Lovejoy 12 Johanna 2 Johannah 1 Johnalynn 1 Jolee 12 Jolene 4 Jolie 1 Jolina 1 Jolissa 1 Jones 4 Joni 1 Jonnie 1 Jood 1 Jooley 1 Jora 14 Jordan 5 Jordana 1 Jordanna 1 Jordja 40 Jordyn 5 Jordynn 1 Jordynne 1 Jorgeana 1 Jorgine 2 Jorja 1 Josaphine 1 Josefa 1 Josefin 1 Josefina 1 Josefine 1 Joselyn 1 Jose-Michella 3 Josephina 30 Josephine 1 Josette 1 Josiah 15 Josie 2 Joslyn 2 Josslyn 1 Jotsaroop 1 Joud 1 Jouly 1 Journee4 Journey 1 Journey-Shelly-Bassima 1 Journi 2 Joury 2 Jovee 4 Jovi 4 Jovie 13 Joy 8 Joyce 1 Joylynn 1 Jozie 1 Juan 1 Juana 1 Juaneviere 1 Juanita 3 Jubilee 5 Jude 1 Judie 4 Judith 6 Judy 3 Jules 62 Julia 19 Juliana 1 Juliane 19 Julianna 1 Julianna-Erlin 3 Julianne 7 Julie 2 Julienne 12 Juliet 1 Julieta 2 Julietta 11 Juliette 1 Julissa 1 Juliya 1 Jumanah 3 Juna 10 June 1 Juneau 1 Junie 12 Juniper 4 Juno 1 Junshan 2 Jupiter 1 Jurie 1 Jurri 2 Jury1 Justelle 2 Justice 7 Justina 5 Justine 1 Jutta 1 Juwairia 1 Jwan 1 Jzelxie 1 Jzeynel 1 Kaarina 1 Kaavya 1 Kabheir 1 Kabiher 1 Kabita 2 Kacee 8 Kacey 1 Kache 2 Kachi 2 Kaci 1 Kacia 5 Kacie 2 Kacy 1 Kadelyn 7 Kadence 1 Kadiana 1 Kadiatou 1 Kadidjatou 1 Kadie 1 Kaede 1 Kaedence 1 Kaedyn 1 Kaela 2 Kaeli 6 Kaelyn 3 Kaelynn 1 Kaesha 1 Kafui 1 Kahlan 1 Kahleia 1 Kahlen 1 Kahlena 1 Kai 1 Kai 12 Kaia 1 Kaia 1 Kaiah 1 Kaida 2 Kaidence1 Kaila 1 Kailani 3 Kaileigh 11 Kailey 1 Kaili 6 Kailyn 1 Kaina 1 Kaira 1 Kaira-Rose 2 Kairi 1 Kairri-Rose 1 Kaisa 4 Kaisley 1 Kaislyn 1 Kaithlyn 2 Kaitlin 26 Kaitlyn 3 Kaitlynn 1 Kaiton 1 Kaity 2 Kaiya 2 Kaiyah 1 Kaiylyn 2 Kaja 1 Kajaya 1 Kakutenua 1 Kala 1 Kalainey 3 Kalani 1 Kalaya 1 Kalayla 1 Kalayna 2 Kalea 3 Kaleah 1 Kaleea 1 Kaleena 2 Kaleigh 1 Kaleigha 1 Kaleilah 1 Kalen 1 Kalena 1 Kaley 13 Kali 2 Kalia 2 Kaliah 1 Kalia-Marie 1 Kaliana 1 Kalianna1 Kaliesta 1 Kalin 1 Kalina 1 Kalisa 1 Kalise 2 Kalista 4 Kaliyah 1 Kalkidan-Beneyam 1 Kalla 1 Kallea 1 Kallece 1 Kallecy 4 Kalli 8 Kallie 1 Kallista 1 Kalliyanna 1 Kally 1 Kalyna 1 Kalyssa 1 Kamaria 1 Kamber 1 Kameila 1 Kamila 1 Kamilah 1 Kamilla 2 Kamille 1 Kamiya 1 Kamiyah 1 Kammi 2 Kamrie 1 Kamry 6 Kamryn 1 Kamrynn 1 Kamsiyochi 1 Kamsiyonna 1 Kana 1 Kandace 1 Kandahleena 1 Kaneiliah 1 Kanika 1 Kanvi 1 Kanyinsola 15 Kara 1 Kara-Dawn 1 Karalee 1 Kara-Lynn 6 Karen 1 Karena1 Karenza 4 Kari 1 Karidia 1 Karielle 1 Kari-Lynn 3 Karina 2 Karis 1 Karisma 3 Karissa 2 Karla 4 Karlee 1 Karleen 2 Karlie 1 Karly 1 Karma 1 Karmyn 1 Karolina 1 Karrah 1 Karsyn 1 Karsynn 3 Karter 1 Karyn 1 Karysa 4 Kasey 2 Kashish 1 Kashlyn 1 Kashlynn 2 Kashtyn 1 Kasia 1 Kasima 1 Kason 1 Kasper 3 Kassandra 1 Kassi 1 Kassia 8 Kassidy 4 Kassie 1 Katalin 4 Katalina 2 Katana 1 Katarina 41 Kate 19 Katelyn 5 Katelynn 1 Kate-Lynn 3 Katerina 1 Katey 1 Katha1 Kathana 6 Katharina 1 Katherina 26 Katherine 1 Katheryn 4 Kathleen 1 Kathnisse 1 Kathrina 1 Kathrine 9 Kathryn 5 Kathy 1 Katiana 21 Katie 1 Katilaya 1 Katlynn 1 Katniss 9 Katrina 1 Katsumi 1 Kattleia 1 Kattleya 3 Katy 2 Katya 1 Kavita 1 Kavleen 1 Kavnoor 1 Kavya 1 Kawthar 1 Kawther 3 Kaya 1 Kayanna 3 Kaycee 1 Kaycie 2 Kaydance 1 Kaydanse 1 Kayden 17 Kaydence 1 Kayela 1 Kayelee 33 Kayla 1 Kaylae 23 Kaylee 1 Kayleen 13 Kayleigh 1 Kaylene 2 Kayley 2 Kayli 1 Kaylia 4 Kaylie1 Kayliee 3 Kaylin 1 Kaylin-ling 1 Kayln 2 Kaylor 4 Kaylyn 2 Kaylynn 1 Kayori 1 Kayra 1 Kayrah 1 Kaysah 1 Kayson 1 Kayssie 1 Kayte 1 Kaytria 1 Kayzia 1 Kayzlee 1 Kayzlynn 1 Kazely 1 Kazelyn 1 Kaziah 1 Kazianna 1 Kea 1 Keab 1 Keala 1 Keana 2 Kearra 1 Keatyn 1 Kebron 1 Keeanna 1 Keela 1 Keele 1 Keelia 4 Keely 2 Keera 4 Keerat 1 Keerthana 1 Keesha 1 Keessumaan 1 Keetah 3 Keeva 1 Kehara 1 Kehlani 1 Keiley 52 Keira 1 Keira-Lynn 1 Keirra 1 Keisha1 Keithlyn 1 Kejia 1 Kelayna 1 Keliah 1 Kelitah 3 Kelly 1 Kelly-Kayla 1 Kelsea 11 Kelsey 1 Kelsi 2 Kelsie 1 Kelty 1 Kelvina 1 Kelyn 1 Kember 1 Kemdirim 1 Kemmerlee 1 Kemper 1 Kenadie 1 Kendal 17 Kendall 1 Kendel-Faye 1 Kendelle 13 Kendra 1 Kendra-Marie 1 Kendra-ren 2 Kendyl 1 Kenili 1 Kenlea 1 Kenlee 2 Kenley 14 Kenna 1 Kennadi 1 Kennadie 3 Kennedi 1 Kennedi- 1 Kennedie 51 Kennedy 1 Kennice 1 Kennzi 1 Kennzyl 1 Kensey 2 Kensi 1 Kensie 1 Kensington 3 Kensley 1 Kenya 1 Kenza1 Kenzee 4 Kenzi 31 Kenzie 3 Kenzington 1 Kenzlee 2 Kenzley 1 Keona 1 Kerissa 1 Kerrigan 1 Kerstin 1 Kerzlyn 1 Kesar 1 Kesler 1 Kess 2 Kessa 1 Kessler 1 Kessley 1 Ketina 1 Ketoran 2 Keturah 1 Ketyana 1 Ketzia 1 Kevanice 1 Kevilyn 1 Kevleen 2 Keya 1 Keyairah 1 Keyana 3 Keyanna 1 Keyarrah 2 Keyera 1 Keyla 1 Keyona 1 Kezah-Ray 5 Kezia 4 Keziah 1 Kezley 1 Khadeeja 1 Khadeejah 1 Khadiga 10 Khadija 4 Khadijah 1 Khadijat 1 Khadijatou 1 Khady 1 Khailey 1 Khailyn 6 Khaleesi1 Khalessi 1 Khalisah 1 Kharina 1 Kharma 1 Khayven 1 Khelea 1 Khione 1 Khirsend 1 Khiyana 18 Khloe 1 Khushi 1 Khushleen 1 Khushpreet 1 Khushreet 1 Khuzama 1 Khwaish 1 Kiah 1 Kiahna 7 Kiana 1 Kiann 7 Kianna 24 Kiara 1 Kiarah 1 Kiaralyn 1 Kiara'Skye 2 Kida 1 Kielsey 16 Kiera 1 Kiera-Lee 2 Kieran 4 Kierra 1 Kierrah 1 Kiersten 1 Kiersti 1 Kiiara 1 Kika 1 Kimaya 2 Kimber 6 Kimberly 1 Kimia 1 Kimiko 2 Kimora 1 Kimren 3 Kina 1 Kinda 1 Kinga 9 Kingsley 1 Kingston1 Kinleigh 24 Kinley 1 Kinnley 1 Kinsey 4 Kinslee 2 Kinsleigh 63 Kinsley 2 Kinzlee 4 Kinzley 1 Kiowa 14 Kira 1 Kiran 1 Kirana 1 Kirat 1 Kirea 1 Kiret 1 Kiriana 1 Kirpa 3 Kirsten 1 Kiryam 1 Kissiah 3 Kit 1 Kitana 1 Kitanna 1 Kitsune 1 Kituza 2 Kiya 1 Kiyana 1 Kiyanna 1 Kiyanni 1 Kjella 1 Klaira 1 Klaire 4 Klara 1 Klea 1 Kloe 1 Kloe 1 Kloe 1 Klohee 1 Klohie 1 Kloud 1 Klowey 1 Klubo 2 Knightly 2 Kobi 2 Koda 1 Kodi-Marie 1 Kody1 Koeden 1 Kohinoor 1 Kokob 2 Kolbie 1 Kolby 1 Kollyns 1 Kona 3 Kora 1 Kora-Delaine 2 Koralie 1 Korby 1 Korbyn 1 Koreen 1 Korie 1 Korra 1 Korry 1 Kortana 1 Kory 2 Kourtney 1 Kova 1 Koveyn 1 Kripa 1 Krisba 2 Krisha 1 Krishva 1 Krissy 3 Krista 8 Kristen 4 Kristina 1 Kristina-Maria 1 Kristine 1 Kriston 2 Kristy 1 Kriszta 1 Kritagya 1 Krithika 1 Krizia 1 Krystal 1 Krystalyn 1 Krystana 1 Krystel 2 Krystle 1 Ksana 2 Ksenia 1 Kudrat 1 Kuei 1 Kulraj 1 Kumba1 Kushina 1 Kya 4 Kyah 1 Kyanna 1 Kyara 1 Kyella 1 Kyisel 13 Kyla 1 Kyla-Marie 11 Kylee 1 Kyleia 1 Kyleigh 1 Kyleighne 1 Kylen 3 Kyler 1 Kyley 29 Kylie 2 Kyliee 1 Kylie-jean 1 Kylie-Shawn 1 Kyliyah 1 Kylynn 1 Kymia 1 Kyndall 3 Kynlee 11 Kyra 2 Kyrah 3 Kyrie 1 Kyrsen 1 Laaiba 1 Labiba 1 Labrini 1 Lacee 17 Lacey 1 Lachlyn 1 Lacie 1 Lacy 1 Lada 1 Ladan 1 Lady 1 Laef 2 Lael 1 Lahilah 2 Laiba 1 Laikyn 15 Laila 3 Lailah 1 Laila-Lynn1 Laila-Marie 1 Lailynn 5 Laina 2 Laine 4 Lainey 1 Laizza 1 Lakelee 1 Lakelyn 2 Laken 1 Lakey 1 Lakyn 1 Lalia 1 Lalise 1 Lama 1 Lamar 4 Lamees 1 Lamija 1 Lamis 1 Lan 15 Lana 1 Lanae 6 Laney 1 Langelihle 1 Lanna 16 Lara 1 Laranya 1 Larayah 1 Laretta 1 Larisha 7 Larissa 1 Lark 1 Larsyn 1 Laryne 1 Lasaris 1 Lasemi 1 Latasha 1 Lataya 1 Lat-Fetsum 1 Latiah 24 Laura 7 Laurel 1 Laurelle 39 Lauren 1 Laurena 1 Laurenne 2 Laurie 1 Lauryl 5 Lauryn1 Lavanya 1 Lavender 1 Lavetta 1 Lavida 2 Lavina 3 Lavinia 1 Lawrissa 1 Lawson 3 Laya 1 Layaal 1 Layah 1 Layain 2 Layal 5 Layan 1 Layhla 1 Layklynn 1 Laykon 60 Layla 1 Layla-Abdirazak-Ahmed 5 Laylah 3 Layna 4 Layne 1 Layyah 1 LaZara 6 Lea 1 Lea 1 Lea 58 Leah 1 Leaianne 1 Lealla 1 Leana 1 Leane 4 Leanna 6 Leanne 1 Ledia 1 Leeaira 1 Leeann 1 Leeara 3 Leela 3 Leen 7 Leena 1 Leeya 4 Legacy 1 Lehem 1 Lei 9 Leia 1 Leianna1 Leicee 1 Leiel 3 Leigh 2 Leigha 1 Leighann 1 Leigh-Anne 3 Leighla 4 Leighton 23 Leila 1 Leila-Arife 1 Leilah 4 Leilani 1 LeiLani 1 Leina 1 Leisha 1 Lekxel 2 Lela 1 Lelia 2 Lema 1 Lemira 1 Lemmy 24 Lena 1 Lenaya 4 Leni 2 Lenna 1 Lennan 1 Lennex 1 Lennie 1 Lennix 16 Lennon 6 Lennox 2 Lenny 4 Lennyn 2 Lennyx 2 Lenora 1 Lenore 1 Lenoxx 1 Lenyn 1 Lenyx 7 Leona 1 Leonia 3 Leonie 1 Leonore 1 Leontine 1 Leora 1 Leslie 2 Leticia 1 Letizia1 Letiziah 1 Letti 1 Lettie 6 Letty 2 Levi 1 Levia 1 Leviea 4 Lexa 1 Lexan 1 Lexene 34 Lexi 20 Lexie 1 Lexiia 4 Lexington 1 Lexxie 1 Lexy 2 Leya 1 Leyah 1 Leyla 1 Leyman 2 Leyna 1 Leyu 1 Lhiana 1 Lhornna 8 Lia 1 Liah 3 Lian 10 Liana 1 Lianabel 1 Lian-Avery 1 Lianna 2 Lianne 1 Lianore 2 Liara 1 LiaRose 1 Lia-Samara 1 Liax 1 Liayan 1 Liba 1 Libby 1 Liberte 3 Liberty 1 Lida 2 Lidya 1 Lielah 1 Lielia 4 Liesel 2 Liesl1 Lieve 2 Liezel 1 Lihem 1 Lika 21 Lila 1 Lilac 14 Lilah 1 Lileah 5 Lilia 1 Lilia-Joy 8 Lilian 16 Liliana 4 Lilianna 8 Lilith 1 Lilium 2 Liliya 1 Liljanna 1 Lillai 1 Lilli 1 Lillia 57 Lillian 5 Lilliana 3 Lillianna 1 Lilli-Anna 1 Lillianne 2 Lillie 3 Lillith 1 Lillu 24 Lilly 2 Lillyan 1 Lilly-Ann 3 Lillyanna 1 Lilly-Anna 1 Lilly-Anne 2 Lilo 1 Lilou 1 Lilth 130 Lily 1 Lilya 1 Lilyana 1 Lilyann 2 Lily-Ann 5 Lilyanna 1 Lily-Anna 2 Lilyanne 2 Lily-Anne 1 Lily-Lynn 2 Lily-Rose1 Lilyth 1 Limar 1 Lin 4 Lina 1 Linciya 2 Lincoln 7 Linda 1 Linden 2 Lindi 5 Lindsay 10 Lindsey 1 Lindy 1 Linh 1 Linley 6 Linnea 1 Linnie 1 Linusha 1 Liona 3 Liora 1 Lira 1 Lirah 18 Lisa 1 Lisa-Marie 1 Lise 1 Liset 1 Lisha 1 Lissa 3 Lita 11 Liv 1 Livi 6 Livia 1 Liviah 1 Livie 1 Livy 1 Liya 1 Liyan 1 Liyana 1 Liyannah 1 Liyat 1 Liyou 1 Lizabeth 1 Lizbeth 1 Lizet 1 Lizzy 1 Lleyton 1 Lobna 1 Locklan 1 Loewin1 Loewy 8 Logan 1 Logynn 2 Lois 10 Lola 1 Lona 17 London 7 Londyn 1 Loni 1 Lora 1 Loraine 1 Lorain-Marie 1 Loralynn 1 Lorel 5 Lorelai 1 Lorelei 1 LorElle 5 Lorena 2 Loretta 1 Lori 1 Lori-Anne 1 Lorily 1 Lorkens 1 Lorne 2 Lorraine 2 Lotus 1 Lou 1 Lou-Ann 1 Louella 6 Louisa 7 Louise 1 Louize 1 Loujain 1 Louna 1 Lourdes 1 Lovayah 1 Loveah 1 Lovely 1 Lovetta 2 Lovia 1 Lowen 1 Lowreen 2 Lua 1 Luana 1 Luanna 1 Luanne 1 Luba 3 Luca1 Lucea 1 Lucette 12 Lucia 1 Lucia 5 Luciana 3 Lucianna 3 Lucie 1 Lucila 7 Lucille 1 Lucille-Rose 1 Lucina 1 Luckee 1 Lucrezia 50 Lucy 1 Ludmila 1 Luisa 2 Luiza 1 Lujeyn 1 Lukwenya 1 Lula 1 Luleiya 1 Lulia 1 Lulu 2 Lulua 1 Lulyah 2 Lumen 1 Lumi 1 Lumiere 35 Luna 1 Lunabelle 1 Luri 1 Lurie 1 Lusana 1 Luveah 1 Luvia 2 Lux 1 Lyana 1 Lyane 3 Lyanna 1 Lyara 44 Lydia 1 Lyka 24 Lyla 3 Lylah 1 Lyloo 1 Lyly 1 Lyn 1 Lynanne3 Lyncoln 1 Lynda 1 Lyndee 1 Lyndell 3 Lynden 1 Lyndi 1 Lynea 1 Lynell 1 Lynette 1 Lynix 3 Lynn 1 Lynnay 1 Lynnaya 1 Lynnea 1 Lynzie 5 Lyra 1 Lyra-Dawn 1 Lyra-Faith 3 Lyric 1 Lyriek 1 Lyrik 1 Lyse 1 Lyz 3 Ma. 1 Maanvi 1 Maawa 1 Maaya 14 Mabel 1 Mabeline 1 Mabruka 1 Macallana 1 Macauley 8 Macey 13 Maci 12 Macie 1 Macie-Jane 1 Macie-Marie 1 Maci-Jane 1 Maci-Jay 1 Mackay 1 MacKayla 1 Mackayla 1 Mackenzee 1 Mackenzi 1 MacKenzia 59 Mackenzie 8 MacKenzie 1 Mackinlee1 Mackston 1 Maclynn 9 Macy 1 Madalayne 7 Madalyn 4 Madalynn 2 Madden 2 Maddi 5 Maddie 1 Maddilyn 16 Maddison 1 Maddisyn 4 Maddox 1 Maddux 4 Maddy 5 Maddyn 2 Maddyson 1 Madeenah 4 Madelaine 26 Madeleine 1 Madelena 1 Madelene 40 Madeline 41 Madelyn 7 Madelynn 1 Madelynne 1 Madieleen 10 Madilyn 4 Madilynn 1 Madi-Lynn 2 Madina 1 Madisan 94 Madison 4 Madisyn 1 Madita 1 Madlen 3 Madyson 1 Mae 3 Maegan 2 Maeghan 1 Maele 2 Maella 1 Maelle 3 Maelle 1 Maely 1 Maelyn 2 Maeryn 4 Maeva8 Maeve 1 Maeven 1 Maevis 1 Maewenn 1 Maeyra 1 Magaretha 1 Magdalen 1 Magdalena 1 Magdalene 17 Maggie 1 Maggie-May 3 Magnolia 1 Magpie 1 Maguette 3 Maha 1 Mahalia 1 Maham 1 Mahdia-Maxamed 1 Maheen 5 Mahi 1 Mahika 5 Mahira 2 Mahla 1 Mahlia 4 Mahnoor 1 Mahroosh 1 Mahtob 1 Mahwash 2 Mahya 1 Mahzalay 1 Mai 11 Maia 1 Maiah 1 Maialen 1 Maialyn 2 Maida 2 Maija 1 Maika 1 Mailey 1 Maina 3 Maira 1 Mairead 1 Maisa 1 Maisey 16 Maisie 6 Maisy 4 Maisyn 1 Maitlyn4 Maiya 1 Maizey 5 Maja 1 Majda 1 Majesty 1 Makaela 1 Makai 1 Makaila 1 Makaya 18 Makayla 2 Makda 1 Makeda 1 Makeira 4 Makena 1 Makena'lei 20 Makenna 3 Makenzie 1 Makiah 2 Makinley 1 Makiya 1 Maksud 1 Makynlee 3 Malaak 1 Malaiah 5 Malak 1 Malaveah 2 Malaya 1 Malayah 1 Malayika 1 Malayka 1 Malayla 1 Malayna 1 Malaz 1 Malcolm 1 Maleah 1 Maleeha 2 Maleeka 1 Maleewan 1 Maleia 1 Malenia 1 Maleyah 1 Mali 5 Malia 1 Maliah 1 Malibu 1 Maliea 3 Malika 1 Malikah6 Malina 2 Malinda 1 Malisa 3 Maliya 3 Maliyah 4 Mallory 1 Malorie 1 Mameyauna 2 Mana 1 Manaal 2 Manahal 1 Manahil 4 Manal 1 Manat 1 Mandipa 1 Mandy 1 Manessa 1 Manha 1 Mankavya 1 Mankirat 1 Manna 1 Mannal 11 Mannat 1 Mannatveer 1 Manreet 1 Mansavreet 1 Mansehaj 1 Mansha 1 Manuela 1 Manuella 1 Manya 1 Manysa 1 Mapendo 1 Maple 1 Maqboola 5 Mara 1 Marah 1 Marai 1 Maraiha 1 Maram 1 Maranda 1 Maraya 1 Marcan 1 Marcela 2 Marceline 3 Marcella 1 Marcelline 1 Marcelyn1 Marchelle-Snow 1 Marcia 2 Marcie 5 Maren 1 Mareya 27 Margaret 2 Margareta 2 Margaretha 1 Margarette 2 Margaux 5 Margeaux 6 Margo 13 Margot 1 Margrit 1 Marguerite 2 Mari 58 Maria 14 Mariah 1 Maria-Jose 1 Marial 1 Maria-Luisa 22 Mariam 2 Mariamawit 1 Mariame 2 Marian 5 Mariana 4 Marianna 1 Marianne 1 Marichele 2 Maricia 15 Marie 1 Mariecette 1 Marieka 1 Mariel 1 Mariell 1 Mariella 3 Marielle 1 Mariem 1 Mariema 1 Marieme 1 Marien 2 Marigold 1 Mariko 2 Marilena 3 Marilyn 1 Marilyn-Jane 1 Marilynn 1 Marim3 Marin 3 Marina 1 Marinda 4 Marion 3 Marisa 1 Mariska 1 Marison 7 Marissa 1 Marium 1 Mariya 3 Mariyah 1 Mariyes 1 Mariz 1 Marjorie 4 Marla 1 Marlaena 12 Marlee 4 Marlene 23 Marley 3 Marlie 1 Marlise 3 Marlo 1 Marlow 9 Marlowe 1 Marlowe-Rae 1 Marlyn 1 Marquessa 1 Marra 1 Marta 1 Marteena 11 Martha 1 Marthe 1 Martheena 4 Martina 5 Marwa 30 Mary 1 Maryah 27 Maryam 2 Maryama 1 Maryan 2 Maryann 1 MaryCarmen 1 Marye 1 Maryella 1 Mary-Ella 1 Maryem 1 Mary-Heart 3 Mary-Jane1 Marylou 1 Marzia 1 Marziya 1 Masa 3 Mashal 1 Masooma 1 Massa 1 Massah 1 Matayah 1 Matea 1 Mateah 21 Matilda 1 Matisse 1 Matrina 1 Matrona 1 Mattayah 5 Mattea 1 Matteia 3 Maureen 1 Maurlee 2 Maven 2 Mavi 1 Mavie 6 Mavis 2 Mavleen 1 Mavy 1 Max 1 Maxcine 5 Maxine 1 Maxwell 1 Maxx 82 Maya 1 Mayaan 1 Mayah-Angele 1 Mayah-Mary 1 Maya-Leora 1 Mayar 1 Maycee 1 Maycie 1 Maykaella 1 MayKenzie 1 Mayla 2 Maylee 1 Mayleen 1 Maylin 1 Mayra 4 Maysa 2 Mazie1 Mbalenhle 1 Mbitjita 1 Mckaela 1 McKaila 3 McKayla 2 Mckayla 1 Mckeena 1 Mckena 1 McKenda 18 McKenna 3 Mckenna 10 McKenzie 5 Mckenzie 1 Mckhiela 1 Mckinleigh 13 McKinley 1 Mckinley 1 McKinnley 1 McKylie 2 Meabh 1 Meadau 9 Meadow 1 Meagan 1 Meaghan 1 Meah 4 Meara 1 Mecca 4 Medina 1 Meelia 2 Meena 1 Meenoo 8 Meera 2 Meerab 1 Meeshvi 1 Meeya 1 Mefo 21 Megan 2 Meghan 1 Meghan-Angelie 1 Megyn 2 Mehak 4 Mehar 1 Mehetabel 3 Mehr 3 Mehreen 1 Mehreet 1 Mehtabjot 1 Mei3 Meika 2 Meilani 1 Meilin 1 Meka 1 Mekdes 1 Mekena 1 Mekile 1 Meklit 1 Meklite 1 Mekseb 1 Mela 1 Melahier 1 Melaina 1 Melanakie 1 Melania 9 Melanie 1 Melany 1 Meleeka 2 Melek 1 Meli 1 Melia 1 Meliah 1 Melikah-Estelita 5 Melina 3 Melinda 1 Melis 2 Melisa 12 Melissa 1 Melissa-Avalin 1 Mella 1 Mellat 1 Melodie 20 Melody 1 Melody-Moxxi 1 Melorin 1 Melyah 1 Memphis 1 Mena 3 Menaal 1 Menchie 1 MengFei 2 Mera 6 Mercedes 1 Mercella 4 Mercy 1 Mercy-Grace 10 Meredith 1 Mereditt2 Meredyth 1 Meribel 1 Merida 2 Merielle 1 Merin 1 Merissa 2 Merna 1 Meryam 1 Meryem 1 Meryiell 1 Mesa 1 Mesale 1 Mesgana 1 Mettabel 1 Meyah 1 Meyer 1 Meyrin 1 Mhazine 103 Mia 2 Mia 1 Mia-Faith 1 Mia-Fay 4 Miah 1 Mia-Ivory 1 Mia-Jo 1 Mia-Margaret 1 Mia-Niessa 1 Mia-Quinn 2 Mia-Rose 2 Mica 4 Micaela 1 Micaela-Kate 1 Micaella 4 Micah 1 Micaiah 1 Mical 1 Micalah 6 Michaela 1 Michaella 1 Michaella-Elize 1 Michalina 1 Micheline 20 Michelle 1 Michuu 1 Mickava 1 Mickayla 1 Midori 2 Miesha1 Miftu 1 Mignonette 1 Miila 8 Mika 12 Mikaela 2 Mikaella 1 Mikah 1 Mikal 1 Mikala 1 Mikasa 1 Mikaya 26 Mikayla 1 Mikendall 1 Mikeyla 1 Mikhaila 1 Mikhayla 1 Mikiah 1 Mikka 1 Mikyrah 93 Mila 1 Milah 1 Milan 7 Milana 1 Milania 1 Milanka 1 Milarose 2 Milcah 1 Mildred 5 Milena 2 Miley 1 Miliakere 1 Militia 1 Milki 1 Milkii 1 Miller 3 Millicent 8 Millie 1 Milly 1 Milnuza 1 Milonna 7 Mina 6 Minahil 1 Minako 2 Mindy 2 Minha 1 Minka 1 Minna 1 Minnah1 Minoli 1 Minsa 22 Mira 1 Mirabel 3 Mirabella 1 Mirabelle 2 Miral 11 Miranda 1 Mireia 2 Mireille 1 Mirella 3 Mireya 1 Mirha 4 Miriam 1 Mirielle 1 MiriiYanan 1 Miroslava 1 Mirriam 1 Miruna 1 Miryam 1 Miryka 2 Mischa 1 Mishaal 1 Mishael 1 Mishal 1 Mi'Shayah-Rose 1 Mishel 1 Mishelle 1 Mishka 1 Mishkat 1 Mishva 1 Misl 1 Misty 1 Mithra 1 Mitra 3 Miya 1 Miyah 1 Miyako 1 Miyla 1 Miyosiw 2 Miyu 1 M'Mahyillah 1 Mnemosyne 1 Modena 1 Moe 1 Mofe 1 Moiagh 4 Moira1 Mojolaoluwa 3 Mollie 31 Molly 1 Mollyanne 1 Molly-Jean 1 Mon 7 Mona 1 Moneera 4 Monica 2 Monique 1 Monro 9 Monroe 1 Monserrat 1 Montaha 2 Montana 1 Moon 1 Mora 1 Moraya 24 Morgan 1 Morgyn 2 Moriah 1 Morienne 1 Morley 1 Morningstar 1 Morticia 1 Moselle 1 Moska 1 Moumina 1 Mrouge 1 Mubarakat 1 Mudiwa 1 Muhim 1 Mukrab 1 Mulan 1 Mumtas 1 Muna 1 Munachimso 1 Munhal 4 Munira 1 Munro 1 Muntaha 1 Muqadas 1 Muqaddas 3 Murphy 1 Mursal 1 Mushtaq 1 Muska 1 Muskan1 Muyao 1 Muzna 48 Mya 12 Myah 1 Myer 1 Myhila 2 Myka 1 Mykaella 1 Mykah 2 Mykayla 28 Myla 4 Mylah 1 Mylee 1 Myleigh 1 Mylenka 12 Myra 4 Myrah 1 Myrcella 1 Myriam 2 Mysha 1 Myskye-Mae 1 Na 1 Naamah 1 Nabeela 1 Nabila 3 Nada 1 Nadalie 1 Nadeen 1 Nadezhda 12 Nadia 10 Nadine 1 Nadira 2 Nadya 1 Nael 1 Naemat 1 Nafeesa 1 Nafeesath 1 Nafisa 1 Nagham 1 Nahall 1 Nahanni 1 Naheeda 1 Naher 1 Nahia 1 Nahier 1 Nahily 1 Nahla 1 Naida1 Naiema 1 Naigel 2 Nailah 1 Naimo 1 Naiomi 1 Nairah 1 Naisha 3 Naiya 1 Najia 1 Najla 2 Najma 1 Nakemer 1 Nakiyah 1 Nakoa 1 Nakoda 1 Nakuita 5 Nala 2 Nalani 1 Nalanie 1 Nalina 1 Naliyah 1 Namo 1 Nana-Adjoa 1 Nana-Chinara 1 Nana-Nasrine 1 Nanate 7 Nancy 1 Nandi 1 Nandika 1 Nandin 3 Nandini 1 Nane 1 Nanki 62 Naomi 1 Naomie 1 Nara 2 Nardos 1 Nariya 1 Narmeena 1 Nasab 1 Naseame 1 Naseeba 1 Nash 1 Nasheed 1 Nashlynn 1 Nasib 1 Nasira 1 Nasya1 Natalee 18 Natalia 86 Natalie 1 Nataliee 1 Natalija 1 Nataly 4 Natalya 1 Natalyn 1 Natania 1 Natanis 8 Natasha 2 Nataya 3 Nathalia 10 Nathalie 1 Natiah 1 Natilin 1 Naturelle 1 Naudia 1 Naunidh 1 Naura 1 Naurelyn 2 Nava 3 Naveen 1 Navjeewan 1 Navkiran 1 Navleen 1 Navneet 2 Navreet 1 Navsheen 1 Navsirat 9 Navy 1 Navya 1 Navy-Rose 6 Nawal 8 Naya 1 Nayah 1 Nayana 2 Nayeli 1 Nayla 1 Naylah 1 Nayra 1 Naysa 1 Naz 1 Nazafrin 1 Nazara 1 Nazera 1 Nazgol 1 Nazife2 Neala 1 Nedeyah 1 Neelia 1 Neema 1 Neenah 1 Neeva 1 Neezel 1 Nefertiti 1 Nefi 1 Neghasree 1 Neibal 1 Neila 1 Nektaria 3 Nela 4 Nella 2 Nellie 4 Nelly 1 Nely 1 Nene 1 Neriah 2 Nermine 1 Nessa 1 Neta 1 Netanya 1 Nethany 1 Netti 30 Nevaeh 1 Nevaeh-Lynne 1 Nevai 1 Nevannah 1 Nevaya 2 Nevayah 2 Neve 3 Neveah 1 Nevean 1 Nevis 1 Nevleen 1 Ngalula 1 Ngarijapurue 1 Ngoc 1 Nhu 9 Nia 1 Niagara 1 Niah 1 Niamat 1 Niamh 1 Niara 1 Niat1 Nia-Taylor 1 Niayesh 2 Nichelle 2 Nicola 16 Nicole 1 Nicoletta 1 Nida 2 Nidhi 1 Nieva 1 Nigarish 1 Nihaal 1 Nihad 3 Nika 1 Nikiena 4 Nikita 4 Nikki 1 Nikkitia 1 Niko 1 Nikola 1 Nikole 1 Nikolina 2 Nilah 1 Nilay 1 Nile 1 Nilla 3 Nima 1 Nimaah 1 Niman 1 Nimar 1 Nimatullah 1 Nimco 1 Nimfa 1 Nimra 8 Nimrat 1 Nimret 3 Nimrit 10 Nina 1 Nina 1 Niniola 1 Nipiniskwew 1 Nirali 1 Nirgun 1 Nirosha 1 Nirvika 1 Nisa 1 Nisha 1 Nishka 1 Nishtha1 Nisrine 1 Nitara 3 Nitya 1 Nivannalee 1 Niveda 1 Nivedya 1 Niveen 2 Nixen 1 Nixie 1 Nixon 1 Nixynn 5 Niya 1 Niyah 1 Niyarah 1 Niyayes 1 Nmasinachi 1 Nneoma 1 N'nya 4 Noa 3 Noah 1 Noami 1 Noel 1 Noella 13 Noelle 1 Noellie 1 Noha 8 Nola 1 Nolwenn 2 Nomi 1 Nona 9 Noor 1 Noora 1 Noor-Al 1 Noor-Un-Nisa 72 Nora 42 Norah 2 Noreen 1 NorieLyn 1 Norma 3 Nour 56 Nova 3 Novah 1 Novahlea 3 Novalee 1 Nova-Lee 1 Nova-Leigh 1 Novalii 1 NovaRose1 Nova-Ty'r 1 Novelle 1 Novena 1 Novera 1 Noya 1 Nritya 1 Nuala 1 Nubia 1 Nura 1 Nuriyah 1 Nuriye 1 Nusayba 1 Nuzhat 2 Nya 1 Nyadeng 1 Nyadiet 2 Nyah 1 Nyaliep 1 Nyaluok 1 Nyanaar 2 Nyandeng 1 Nyankiir 1 Nyapuka 1 Nyayika 1 Nybol 1 Nye 1 Nyera 1 Nyiah 1 Nyidier 1 Nyimdzee 9 Nyla 3 Nylah 1 Nyomi 1 Nyra 1 Nyraiah 1 Nyree 1 Nysa 1 Nysha 2 Nyssa 1 Nyuot 1 Nyva 2 Oakland 1 Oaklee 2 Oakleigh 6 Oakley 1 Oakley-Jean 1 Oaklin 10 Oaklyn8 Oaklynn 1 Obsee 6 Ocean 2 Oceana 14 Octavia 1 Octavya 1 Odelia 4 Odessa 2 Odette 1 Ogeettii 1 Oghenekaro 1 Oghenetejiri 1 Ogochukwu 1 Ohanna 1 O'Hara 2 Oksana 1 Oktavyah 1 Ola 1 Olamiposi 1 Olan 1 Olanna 1 Olexa 1 Olina 1 Olit 1 Oliva 29 Olive 292 Olivia 1 Olivia-Marie 1 Olivya 1 Oliwia 1 Olumide 2 Oluwadarasimi 1 Oluwafiresola 1 Oluwanifemi 1 Oluwanimi 1 Oluwasefunmi 1 Oluwasemilanu 3 Oluwatamilore 2 Oluwatomisin 1 Oluwatunmininu 1 Oluwatunmise 1 Omaima 1 Omama 1 Omni 1 Omowonuola 1 Onawa 1 Onaya 1 Oneika1 Oneisha 1 Onner 2 Onyx 1 Ooa 1 Oona 1 Opal 17 Ophelia 1 Ophelia-Jade 2 Ora 1 Orabella 1 Oralee 1 Orenna 1 Oreofe 1 Oreoluwa 1 Orezi 2 Oriah 3 Oriana 2 Orianna 1 Orla 1 Orlagh 1 Orquidea 1 Orra 1 Oryssia 1 Osajiate 1 Osaruese 1 O'Shea 1 Oshone 1 Oshwa 1 Oshyn 1 Oskya 1 Othelia 1 Ottoline 1 Otylia 1 Oumou 1 Ousswa 1 Oviya 1 Owami 1 Owusuaa 2 Pacey 1 Paice 1 Paicee 1 Paidamoyo 48 Paige 1 Paigely 2 Paighton 1 Paisely 8 Paislee 1 Paislee1 Paisleigh 75 Paisley 1 Paisley-Anne 1 Paisley-Rae 1 Paislie 1 Paisly 7 Paityn 1 Paizlee 1 Palina 3 Palmer 1 Paloma 1 Pamela 1 Pandera 1 Pandora 1 Panida 1 Pansofia 1 Pareesa 1 Pari 2 Parineet 2 Parinoor 5 Paris 1 Parisa 1 Parissa 17 Parker 1 Parla 1 Parneet 2 Parnika 1 Parsa 1 Parwathi 1 Pascale 1 Pascaline 1 Pasley 1 Pateel 5 Patience 4 Patricia 4 Paula 1 Pauleen 1 Pauliana 6 Paulina 3 Pauline 1 Pavleen 1 Paxton 1 Payson 1 Paytan 4 Payten 21 Payton 1 Paytyn 1 Paz1 Peach 9 Pearl 1 Peggy 2 Peighton 1 Peiru 1 Pelia 1 Pema 58 Penelope 1 Penelope-Rea 1 Peniel 1 Penna 1 Pennington 12 Penny 1 Peony 3 Pepper 1 Peri 1 Perla 1 Perrin 1 Perrissa 1 Perry 4 Persephone 3 Persia 4 Petra 1 Petrichor 1 Peyden 1 Peyten 50 Peyton 1 Phaedra 1 Pharis 1 Pheby 1 Phia 1 Philina 1 Philippa 2 Philomena 14 Phoebe 12 Phoenix 2 Phoenyx 1 Phraelynn 5 Pia 2 Pierce 1 Pieri 1 Pietranella 66 Piper 3 Pippa 3 Poet 1 Pola 1 Pollie 1 Pollyanne1 Poonam 1 Poppi 12 Poppy 1 Poppy-Lynn 1 Porial 1 Porscha 2 Porter 1 Prabhjot 1 Prabhmilan 1 Prabhroop 1 Prabjot 1 Prabreet 1 Pradhi 1 Pragunjot 1 Prairie 2 Praise 1 Prakriya 1 Pranali 1 Pranaya 1 Pranika 1 Pranshi 1 Pranusha 1 Prapti 1 Prashana 1 Prasiddhi 5 Precious 1 Preese 1 Preesha 1 Preet 1 Preeti 1 Prentess 1 Presa 1 Presleigh 36 Presley 1 Preslyn 1 Preston 1 Prestyn 1 Pretika 1 Pretty 1 Prezley 1 Prim 1 Primley 2 Primrose 10 Princess 1 Princess-Benelh 1 Princess-Benely 1 Princesse 9 Priscilla1 Priscille 1 Priseis 9 Prisha 1 Pristyn 2 Priya 1 Priyana 1 Priyanka 1 Priyona 1 Promise 1 Prosperine 1 Pughazhini 3 Puneet 1 Purity 1 Pushti 1 Pwint 8 Pyper 1 Pyra 1 Qirat 1 Qiwen 1 Qudsia 2 Queen 1 Queena 1 Queendyn 1 Quesnal 1 Quill 1 Quin 1 Quincey 1 Quincie 4 Quincy 1 Quinisha 112 Quinn 1 Quinnlan 1 Quinnlie 1 Quinsley 1 Quintessa 1 Qyanah 1 Raaga 1 Raanya 2 Raavi 3 Rabani 1 Rabia 1 Rabie 1 Rabnoor 1 Rabreet 1 Raby 5 Rachael 1 Racheal 53 Rachel1 Rachele 2 Rachelle 1 Racquelle 2 Radiya 1 Radnya 1 Radya 4 Rae 1 Raea 1 Raeane 1 Rae-Anna 1 Raeanne 1 Raechel 1 Raedyn 1 Raeesa 4 Raegan 1 Raeigne 2 Raeleigh 1 Raelene 1 Raelle 11 Raelyn 7 Raelynn 1 Raena 1 Raeya 1 Raeyan 1 Raezel 1 Rafaela 1 Rafia 2 Raghad 2 Rahaf 1 Raheel 1 Rahel 1 Rahima 3 Rahma 1 Rahmana 1 Raiah 1 Raiha 1 Raima 1 Raimee 3 Rain 10 Raina 1 Rainbow 1 Raine 1 Rainn 1 Raisa 1 Raiven 1 Raiya 2 Raizel 1 Rajaa1 Rajveer 1 Rajvi 2 Rakeb 1 Rakenna 1 Rakiya 3 Raleigh 3 Rameen 1 Ramneet 5 Ramona 1 Rana 1 Ranaya 1 Randee 1 Randi 1 Raneem 1 Rani 7 Rania 1 Ranizeh 1 Ranli 1 Rannia 1 Ranveet 2 Ranya 1 Raphaelle 1 Raphaelle 1 Rapuira 3 Raquel 1 Raquelle 1 Rasleen 1 Rasmin 1 Rastina 1 Ratanvir 12 Raven 1 Ravhah 1 Ravielle 1 Ravleen 1 Ravneet 1 Ravtegh 1 Ravyn 1 Rawan 1 Rawdah 1 Rawnaq 1 Ray 8 Raya 1 Rayah 6 Rayan 1 Rayana 2 Rayann 1 Rayanna 1 Rayanne1 Raye 2 Rayelle 1 Rayhana 1 Rayhanne 1 Raylee 2 Rayleigh 1 Raylene 1 Raylin 1 Raylynn 1 Ray'Lynn 1 Ray-Lynn 1 Rayn 13 Rayna 1 Rayna-Jaymes 1 Rayna-Lynn 8 Rayne 4 Rayyan 4 Razan 1 Razel 1 Raziel 1 Raziela 9 Reagan 1 Reaksa 1 Rean 1 Rebeca 41 Rebecca 1 Rebeka 11 Rebekah 4 Rebekka 1 Reckal 1 Rederika 1 Rediat 1 Rediett 1 Reece 1 Reed 2 Reegan 1 Reeha 11 Reem 1 Reema 1 Reena 17 Reese 2 Reet 1 Reeva 1 Reeve 1 Reeya 1 Regan 3 Regina 1 Rehaam1 Reham 3 Rehat 1 Rehet 5 Rehmat 1 Reid 1 Reighlynn 1 Reign 1 Reigna 1 Reija 2 Reiko 1 Reiley 1 Reilly 1 Reilyn 1 Rein 5 Reina 1 Reka 1 Rem 11 Remi 1 Remie 1 Remi-Lynn 3 Remington 1 Remmy 3 Remy 1 Ren 1 Rena 3 Renad 2 Renae 1 Renaya 1 Renee 2 Renee 1 Renesmee 1 Reneyah 1 Renin 1 Renisha 1 Renn 1 Renna 1 Rennley 1 Renza 1 Renzel 1 Renzy 1 Retage-Abdulkareem 4 Retaj 1 Rethesha 1 Reva 1 Reveille 1 Revin 2 Rey 5 Reya1 Reyam 1 Reylyn 1 Reylynn 2 Reyna 3 Rhaya 1 Rhe 9 Rhea 1 Rhea-Lynn 1 Rheana 1 Rhedyn 1 Rhema 1 Rhenn 1 Rhia 5 Rhiannon 1 Rhina 1 Rhiya 1 Rhoda 1 Rhodas 1 Rhonda 1 Rhyan 2 Rhylee 1 Rhys 2 Rhythm 3 Ria 1 Riaaz 1 Rialley 2 Rian 1 Riana 1 Rianna 1 Rianshi 1 Riba 1 Rickamay 1 Ricki 1 Rickiesha 1 Ricky 1 Rida 2 Riddhi 2 Ridley 1 Rieana 2 Rielle 1 Rigel 1 Riham 2 Rihanna 1 Rikkel 1 Rikki 1 Rileigh 58 Riley 1 Rilian1 Rilyn 1 Rilynn 1 Rimsha 1 Rina 1 Rinnah 1 Rio 1 Riona 1 Rios 1 Riplee 3 Ripley 1 Risa 1 Risali 1 Riseanne 1 Risha 1 Rishana 1 Rishi 1 Rishini 2 Rita 1 Rithwika 1 Riti 1 Ritjiukisa 2 Ritu 1 Ritza 1 Riva 22 River 1 Riversong 1 Rivkah 10 Riya 2 Riyaan 1 Riyan 1 Riyana 1 Riyanka 1 Riyanna 1 Riyasri 1 Roanne 1 Roaslee 1 Robertaann 6 Robin 13 Robyn 1 Rochelle 1 Rodas 1 Roe 2 Rogue 1 Roha 1 Rohey 1 Rohina. 1 Rohini 1 Roisin1 Rojda 1 Romarin 1 Romary 1 Rome 1 Romesha 2 Romi 2 Romina 2 Romy 1 Ronica 1 Ronika 1 Ronilyn 1 Ronnie 1 Ronny 1 Roohi 2 Rooney 2 Roop 1 Roopneet 1 Roqaya 1 Roree-Ann 2 Rori 1 Rorrie 13 Rory 1 Rory-Jo 8 Rosa 1 Rosaimee 1 Rosalea 1 Rosa-Lea 4 Rosalee 1 Rosalia 29 Rosalie 4 Rosalind 1 Rosalinda 1 Rosaline 3 Rosalyn 2 Rosalynn 1 Rosario 1 Rosary 54 Rose 1 Rosealie 1 Roseanne 1 Rose-Lee 1 Roselie 1 Roselina 1 Roseline 4 Roselyn 1 Rose-Lynn 1 Rosemarie 3 Rosemary3 Rosetta 1 Rosette 5 Rosie 1 Rosiella 1 Rosie-Lynn 1 Rosina 4 Roslyn 1 Ross 1 Ross-Manuel 1 Rouguyatou 1 Rousseau 25 Rowan 2 Rowen 2 Rowena 1 Rowxianne 5 Rowyn 1 Rowynn 1 Roxana 1 Roxanne 2 Royal 1 Royalin 1 Royalty 1 Roza 1 Rozabella 1 Rozalia 1 Rozsa 1 Ruba 1 Rubaiyat 1 Rubal 2 Rubani 1 Rubaniyat 1 Rubbah 1 Rubi 62 Ruby 1 RubyAnn 1 Ruby-May 1 Rudy 1 Rue 1 Ruftalem 1 Ruger 1 Ruha 1 Ruhaab 1 Ruhab 2 Ruhama 1 Ruhani 1 Ruheen 2 Ruhi 1 Rukia1 Rumaan 1 Rumaisa 1 Ruman 2 Runa 1 Rune 1 Rupneet 1 Ruqaiya 1 Ruqayah 4 Ruqayyah 1 Ruqiya 2 Rushda 26 Ruth 1 RuthAnn 2 Ruwayda 3 Rya 4 Ryah 1 Ryam 12 Ryan 7 Ryann 2 Ryanne 2 Ryder 1 Ryisa 2 Ryka 1 Rykker 3 Ryla 5 Rylan 53 Rylee 1 Rylee-Rose 16 Ryleigh 1 Ryler 1 Rylex 7 Ryley 1 Ryli 17 Rylie 2 Ryliegh 3 Rylynn 1 Ry-Lynn 1 Rysk 1 Ryz-Yara 1 Saanchi 1 Saanjh 4 Saanvi 1 Saanvika 1 Saaqa-Laolan 1 Saara 1 Saarrah 1 Saba 2 Sabah1 Sabeel 1 Sabela 2 Sabella 1 Sabeth 2 Sabina 1 Sable 1 Sabreen 1 Sabrin 13 Sabrina 1 Sachgun 1 Sachpreet 1 Sadaf 1 Sade 1 Sadeen 1 Sadei 1 Sadey 80 Sadie 1 Sadie-Alice 1 Sadika 1 Sadikshya 1 Saege 4 Safa 1 Safah 2 Saffron 1 Safi 2 Safia 1 Safira 5 Safiya 2 Safiyah 1 Safreen 1 Safwah 20 Sage 1 Sagida 1 Sahana 2 Sahar 7 Sahara 1 Sahasra 1 Sahej 1 Sahiba 1 Sahira 3 Sahra 1 Sahrah 1 Sai 7 Saige 1 Saihaj 1 Sailor 1 Saiya 5 Saja2 Sakina 1 Salam 1 Salayah 1 Saleemah 2 Saleena 2 Salem 1 Salematou 5 Sally 13 Salma 2 Salome 1 Salome 1 Salsabeal 5 Salwa 4 Sam 3 Sama 1 Samai 1 Samaira 1 Samandriel 60 Samantha 3 Samar 8 Samara 2 Samarah 1 Samarpreet 1 Samaya 2 Samayra 1 Sameen 2 Sameera 4 Samia 1 Samiira 6 Samira 1 Samirah 1 Samiya 1 Sammilyn 1 Samraagee 1 Samrawit 2 Samreen 1 Samreet 1 Samrina 1 Samuella 1 Samvedya 1 Samyuktha 3 Sana 2 Sanaa 3 Sanah 3 Sanaya 1 Sandie 3 Sandra 1 Sanjam2 Sanjana 1 Sanreet 1 Sansa 1 Sanskriti 2 Santana 1 Santaya 1 Sanuji 1 Sanvi 1 Sanya 10 Saoirse 1 Saphira 1 Saphirah 1 Sapphira 3 Sapphire 1 Sappho 49 Sara 1 Sarabeth 1 Sarafina 102 Sarah 2 Sarah-Jane 1 Saraiah 1 Saraiya 1 Saralynn 1 Saran 1 Saraphinna 1 Saraya 2 Sarayah 1 Sare 1 Sareen 1 Sareena 5 Sargun 1 Sarian-Elizabeth 1 Sarika 4 Sarina 1 Sarita 5 Saron 1 Saryn 4 Sasha 1 Saskia 1 Sasunski 1 Satayjah 1 Sathi 1 Satnam 1 Satwat 1 Satya 1 Saundra 1 Sausha 1 Savaeh1 Savaiya 3 Savanah 1 Savani 8 Savanna 31 Savannah 1 Savaya 1 Saveah 1 Savindee 1 Savine 3 Savreen 45 Sawyer 1 Sayde 3 Saydee 1 Saydie 1 Sayeda 1 Sayla 1 Sayler 4 Saylor 1 Saynab 1 Sayona 16 Scarlet 1 ScarLet 112 Scarlett 8 Scarlette 1 Scarlett-Hendrika 1 Scarlett-Rose 1 Scarlytt 1 Scarlytte 1 Scharlet 1 Schenley 1 Scotia 2 Scotland 1 Scotlyn 1 Scotlynn 2 Scotti 7 Scottie 2 Scottland 1 Scottlyn 1 Scottlynn 1 Seanna 1 Seanna-Jane 1 Seba 1 Sebrin 2 Sedona 1 Seenaa 5 Seerat 1 Seeratpreet 1 Seerit6 Sehaj 1 Sehajdeep 1 Sehajdhun 2 Sehajpreet 1 Sehar 1 Sehas 2 Sehej 1 Sehejpreet 1 Seher 1 Sehrish 1 Sei 1 Seige 1 Seija 1 Sein 1 Seirrana 1 Sejal 1 Sela 5 Selah 1 Selam 19 Selena 5 Selene 2 Selin 7 Selina 2 Seline 1 Selma 1 Selvana 2 Sena 1 Senaida 1 Senait 1 Senara 1 Senayon 1 Senedu 1 Sensheera 1 Seoa 1 Seona 1 Sephanie 1 Sephora 1 Sephrah 1 Sepiel 1 Sequoia 1 Sera 1 Serafina 3 Serah 1 Seraya 3 Sereen 1 Sereena 1 Seren 19 Serena4 Serene 29 Serenity 2 Serina 1 Serine 1 Seriphina 1 Serra 1 Serraydan 1 Sesay 1 Setayesh 1 Settarra 1 Seven 1 Severin 1 Seynabou 1 Shabnam 5 Shae 1 Shaelin 2 Shaelyn 3 Shaelynn 1 Shagnamgul 1 Shahana 1 Shahd 1 Shahed 2 Shahida 1 Shahra 1 Shahrazad 1 Shaila 1 Shailey 1 Shaina 2 Shaira 1 Shairlynn 1 Shaitlyn 1 Shaivi 1 Shakti 1 Shalise 1 Shaliyah 2 Shalom 1 Shalyse 1 Shalyssa 1 Sham 1 Shamayabelle 1 Shamhaad 1 Shamhad 2 Shanae 1 Shanaiah 10 Shanaya 1 Shane 1 Shanea 1 Shanelle1 Shanessa 1 Shanet 4 Shania 1 Shanice 1 Shanna 1 Shannara 5 Shannon 1 Shantaye 1 Shanya 4 Shanzay 1 Shanze 1 Sharae 2 Sharan 1 Sharanjeet 1 Sharesse 1 Sharley 1 Sharmainne 1 Sharon 1 Shatho 1 Shauna 1 Shavi 1 Shawna 1 Shawnie 1 Shawstasia 4 Shay 1 Shaya 1 Shay-anna 1 Shaye 11 Shayla 2 Shaylee 1 Shay-Lee 1 Shaylen 1 Shaylene 1 Shaylina 1 Shaylyn 1 Shayma 1 Shaymaa 2 Shayna 1 Shayna-Bridget-Jean 1 Shayne 1 Shaza 1 Shazeen 2 Shea 1 Shealynn 1 Sheena 1 Sheila 2 Shekina 2 Shekinah1 Shelaighza 11 Shelby 1 Shelena 2 Shelley 1 Shellissa 1 Shemariah 1 Shemia 1 Shenuli 1 Shera 1 Sheradyn 1 Shereena 2 Sheridan 1 Sherissa 1 Sherly 1 Shermaine 2 Sheryl 1 Shezray 2 Shianne 1 Shierra 1 Shifa 1 Shilan 8 Shiloh 1 Shilohni 1 Shiloh-Tshisalu 1 Shingrwa 1 Shining 1 Shirina 1 Shirley 2 Shiva 1 Shivaali 1 Shivanshi 2 Shivanya 1 Shivaun 1 Shivya 1 Shiya 1 Shiyah 1 Shiyana 2 Shiza 3 Shreya 1 Shrinika 1 Shristi 1 Shrudhika 1 Shruti 1 Shubani 1 Shubha 1 Shumaila 2 Shyann 1 Shyanna3 Shyanne 3 Shyla 2 Shylee 1 Shylo-Dallas 1 Shyzaiah 1 Si 7 Sia 1 Siana 1 Siara 1 Siba 1 Sibria 1 Sibyl 1 Sidak 1 Siddiqa 8 Sidney 1 Sidrah 7 Siena 31 Sienna 24 Sierra 1 Sift 1 Sifth 1 Signe 1 Sigourney 1 Sigrid 3 Siham 2 Sila 1 Silas 2 Silvana 2 Silver 1 Silvi 4 Silvia 1 Siman 1 Simar 1 Simarra 1 Simi 1 Simona 6 Simone 1 Simplicia 4 Simran 3 Simrat 1 Simrin 1 Simrit 1 Sina 1 Sinclare 1 Sinit 1 Sinuo 2 Siobhan 1 Sira4 Sirat 1 Siristi 1 Siry 1 Sivathusana 4 Siya 1 Siyah 1 Siyakshi 1 Siying 2 Sky 15 Skye 1 Skyelee 10 Skyla 2 Skylah 26 Skylar 1 Skyleigh 9 Skyler 1 Skylette 2 Skylynn 1 Sky-Lynn 1 Skyrah 1 Slayter 20 Sloan 35 Sloane 1 Smilja 1 Snigdha 1 Snit 79 Sofia 1 Sofiah 4 Sofie 1 Sofiya 3 Soha 1 Sohdaam 1 Sohela 1 Sohvi-Grace 2 Sokhna 1 Sol 1 Solace 1 Solaira 1 Solana 2 Solara 2 Soleia 2 Soleil 1 Solen 2 Solenn 1 Soley 5 Soliana 1 Soliyana 1 Solomiya1 Solvei 1 Solveigh 1 Somaya 1 Somita 1 Somow 1 Somsri 1 Sona 1 Sonakshi 1 Sonal 1 Sonam 1 Sonia 1 Sonja 3 Sonya 215 Sophia 80 Sophie 1 Sophina 1 Sophiyah 1 Sora 8 Soraya 1 Sorcia 1 Soreti 1 Soriyah 1 Soryn 1 Sosuna 1 Souffeia 1 Souparni 1 Sova 1 Spardha 7 Spencer 1 Spriha 1 Sreebala 1 Sreeja 1 Sreshta 1 Sriadvitha 1 Srihitha 1 Srijal 1 Srisha 2 Sriya 2 Stacey 1 Stacie 1 Stamatia 1 Stana 1 Stanel 3 Star 1 Starleigh 1 Steele 3 Stefania 1 Stefanie69 Stella 15 Stephanie 1 Stephany 1 Stephenie 1 Sterling 6 Stevie 1 Stevie-Lynn 2 Stina 1 Stirling 2 Story 1 Sua 1 Suanti 1 Subaita 1 Subeyda 1 Subhana 1 Suhaavi 1 Suhaila 1 Suhani 1 Suheyla 1 Sujud 1 Sukhjit 3 Sukhman 7 Sukhmani 2 Sukhreet 1 Suki 2 Sullivan 5 Sumaya 2 Sumayyah 1 Sumeja 1 Sumeya 35 Summer 1 Sundance 2 Sundus 1 Sune 4 Sunny 1 Sunnye 2 Sunshine 1 Surabi 1 Suradhya 4 Suri 1 Surra 5 Susan 3 Susana 4 Susanna 2 Susannah 8 Susie 1 Susy 4 Sutton1 Suvanna 1 Suvreen 1 Suzana 5 Suzanna 3 Suzanne 1 Suzuran 1 Suzy 2 Svea 1 Swan 2 Swara 1 Swasti 1 Syah 6 Sybil 1 Sybill 1 Sydnee 35 Sydney 1 Sydni 1 Sydnie 3 Syeda 1 Syla 1 Sylas 1 Syleste 11 Sylvia 5 Sylvie 1 Symone 1 Symphony 1 Syna 1 Sy'Rai 1 Taalia 1 Taanshi 1 Tabarak 1 Tabatha 4 Tabea 1 Tabeitha 4 Tabitha 1 Taelynn 1 Taeva 1 Taeya 3 Tahlia 1 Tahlia-Rose 1 Tahliya 1 Tahmina 1 Taijah 1 Tailia 1 Taisley 1 Taizah 1 Taizlee 1 Takla3 Tala 1 Talaysia 2 Taleaha 1 Talee 2 Taleen 1 Taleigha 1 Taleiya 1 Taleya 1 Tali 31 Talia 3 Taliah 2 Talitha 1 Talitha-Zelie 1 Taliya 9 Taliyah 1 Tallah 2 Tallia 1 Tallica 1 Tallyn 1 Talon 6 Talya 1 Tamanjot 1 Tamar 3 Tamara 1 Tamaya 1 Tameeka 2 Tamia 2 Tamika 1 Tamilore 1 Tamima 3 Tammy 1 Tamryn 1 Tamsin 2 Tamsyn 3 Tanaya 1 Tanbir 1 Tanis 2 Tanisha 1 Tanisi 2 Tanvi 5 Tanya 2 Tanyaradzwa 1 Tanysia 1 Tanzeela 1 Tanzil 1 Tapaynga 1 Taqwa 3 Tara1 Taral 1 Taraoluwa 1 Tarielle 2 Tariyah 1 Tarsh 5 Taryn 2 Tasha 1 Tashanna 1 Tashi 1 Tashiah 2 Tasneem 1 Tasnia 2 Tasnim 1 Tassnim 1 Tate 2 Tatiana 2 Tatianna 1 Tatiannah 4 Tatum 1 Tatumn 1 Tatyanna 1 Taurielle 1 Taverley 1 Tavia 1 Tavleen 1 Tavneet 13 Taya 4 Tayah 1 TayaLee 4 Tayla 1 Taylee 1 Tayleese 1 Taylen 1 Tayler 1 Taylie 1 Taylin 29 Taylor 1 Taylor-Raine 1 Taylynn 1 Tay-lynn 1 Taysjiah 1 Tayva 1 Tayvia 1 Tayviah 1 Tazainah-Sky 1 Teadora 23 Teagan 1 Teagan-Rae1 Teal 1 Teale 1 Teanna 1 Tebyan 1 Techiya 3 Teegan 1 Teeka 1 Teesha 5 Tegan 1 Tegh 1 Tehila 1 Tehillah 1 Tehya 2 Teigan 1 Teigen 1 Teij 1 Teina 1 Teisha 1 Tejas 1 Tejasvi 1 Teliah-Jae 1 Telisa 2 Telise 3 Temperance 1 Temprence 1 Tenara 1 Tenaya 1 Teneal 1 Teneil 1 Teneille 1 Teniola 1 Tenleigh 19 Tenley 1 Tennli 1 Tennysen 3 Tenzin 1 Terazai 6 Teresa 1 Terika 1 Termeh 1 Terra 1 Terriann 1 Teryn 1 Teshiera 1 Tesily 2 Tesla 1 Teslin 4 Tess26 Tessa 1 Teyla 1 Thabisile 1 Thaila 1 Thales 5 Thalia 1 Thanusska 1 Thavi 37 Thea 1 Theah 1 Thealynn 1 Thecla 1 Theena-Rain 3 Theia 2 Thelma 2 Theodora 1 Thera 4 Theresa 2 Therese 1 Thi 1 Thisa 1 Thompson 1 Thora-Evelyn 1 Thoren 1 Thorunn 1 Thy 6 Tia 1 Tiabella 5 Tiana 5 Tianna 2 Tiara 1 Tiaz 1 Tiela 1 Tierney 2 Tierra 2 Tifa 11 Tiffany 1 Tiffany-Ava 1 Tila 1 Tileaha 1 Tillie 5 Tilly 1 Timber 1 Timiro 5 Tina 1 Tinashe 1 Tinbit 1 Tinbite1 Ting 3 Tinley 1 Tinna 1 Tinsley 1 Tinzlee 2 Tiona 1 Tionie 1 Tithi 1 Tivian 3 Tiwatope 3 Tiya 1 Tiyonna 1 Toah 2 Tobi 1 Tomasyn 1 Tomi 1 Tomiris 1 Tomoe 1 Tonya 1 Tooba 1 Torah 1 Toral 6 Tori 1 Torilynn 1 Torrance 1 Torri 1 Tory 1 Toryn 1 Tosca 1 Toscana 1 Toshay 2 Tova 1 Tovah-Serenity 1 Tove 1 Tracie 3 Tracy 1 Trae 1 Tram 1 Treasure 1 Tricia 1 Trin 1 Trina 1 Trinaca 1 Trinaij 1 Tringa 1 Trinita 13 Trinity 1 Trisa5 Trisha 1 Trishala 2 Trishia 1 Trisjah 2 Trista 1 Tristen 1 Triston 3 Tristyn 1 Trixie 1 Trixxie 1 Troian 1 Tru 3 Trudy 2 Truly 2 Tsion 1 Tsiwa'ki 1 Tso-Wa-Kii 1 Tu 1 Tula 1 Tuleen 1 Tulsa 1 Tulsi 1 Tvisha 1 Twarita 1 Twyla 1 Ty 1 Tyanne 1 Tye 1 Tyla 1 Tylee 4 Tyler 1 Tylie 1 Tynsleigh 1 Tyra 1 Tzeitel 1 Ulanah 1 Uma 1 Umaima 1 Umaiza 1 Umalkhayr 1 Umayma 1 Umaymah 1 Umeyma 1 Umihana 1 Umme 1 Umombuiro 1 Ura 1 Uriah1 Uririoghene 1 Urwah 1 Vaani 1 Vaanika 9 Vada 1 Vaeda 1 Vaia 1 Vaika 1 Vail 1 Vaini 1 Vaishnavi 1 Vala 1 Valarie 1 Valen 1 Valencia 14 Valentina 1 Valentine 1 Valeraine 1 Valeri 3 Valeria 12 Valerie 1 Valerie 1 Valintyne 1 Valissa 1 Valkyrie 1 Valora 1 Valynn 1 Vaness 15 Vanessa 1 Vanesse 1 Vani 1 Vania 1 Vanisha 1 Vanna 1 Vannah 1 Vanora 1 Vanya 3 Vara 2 Varnika 1 Varvara 1 Vatsana 1 Vayah 8 Vayda 1 Vayelle 1 Vaylen 1 Vea 3 Veda 1 Vedica1 Veena 1 Veera 1 Veitjiua 1 Vela 1 Velma 1 Venba 1 Venessa 1 Venise 1 Vennela 12 Vera 1 Verena 2 Verna 18 Veronica 1 Veronika 3 Vesper 1 Veyda 1 Vi 1 Viaana 1 Viana 2 Vianna 1 Vibha 1 Vicki 90 Victoria 1 Victorious 1 Victory 1 Vida-Rae 1 Vidhathri 1 Viella 1 Vieneisha 18 Vienna 1 Vienna-Ivy 1 Vienne 1 Vika 2 Viktoria 1 Vincenzina 7 Viola 79 Violet 1 Violeta 1 Violet-mae 2 Violetta 1 Violette 1 Violette 1 Vira 2 Virginia 1 Virinia 1 Vishali 1 Visinia 1 Vithura1 Viti 12 Vivian 1 Viviana 1 Viviane 4 Vivianne 2 Vivien 1 Viviene 13 Vivienne 1 Viviya 1 Vivyan 1 Viya 1 Vneet 1 Vraya 1 Vruddhi 1 Vryzelle 1 Vyen 1 Waad 1 Wacey 1 Wafa 1 Wafaa 1 Wahpikihewiskwew 1 Wakiyan 2 Walker 1 Walny-Pearl 1 Wan 1 Wanda 1 Wania 2 Waniya 1 Warahanthuduwa 1 Ward 1 Weaam 1 Wedad 2 Wendy 1 Wesla 1 Wesley 1 Weslyn 1 Weslynn 1 Westlyn 3 Whitley 7 Whitney 1 Wiktoria 1 Wila 2 Wilhelmina 20 Willa 1 Willah 1 Willamina 62 Willow 1 Willow-Blaisse1 Willow-Grace 1 Willow-Jade 1 Wilona 1 Windsor 5 Winnie 4 Winnifred 1 Winry 6 Winter 1 Wongel 15 Wren 1 Wrenley 1 Wrenn 1 Wrenna 2 Wyatt 1 Wylie 1 Wynella 3 Wynn 2 Wynne 1 Wynrie 13 Wynter 1 Wynter-Rose 1 Xairia 2 Xana 1 Xanthe 1 Xara 2 Xaria 1 Xavia 1 Xaviera 1 Xenia 1 Xerynn 2 Xia 1 Xiamara 1 Xian 1 Xiaoya 2 Ximena 1 Xin 1 Xinnian 2 Xinyi 1 Xiuzhu 1 Xiyue 1 Xoey 1 Xophia 1 Xueying 1 Xyelean 2 Xyla 1 Xylina 1 Xyrene 1 Xyryl1 Xzandria 1 Yaa 1 Yaah 1 Yaas 2 Yabsera 1 Yadanna 1 Yagana 1 Yaggin 1 Yagmur 1 Yalda 1 Yalina 1 Yalinee 1 Yamna 1 Yanet 1 Yanika 1 Yanira 1 Yannet 1 Yannika 7 Yara 1 Yarolika 2 Yaroslava 1 Yashee 1 Yashfeen 1 Yashica 1 Yashin 1 Yashivi 1 Yaslyn 5 Yasmeen 1 Yasmena 1 Yasmiin 10 Yasmin 14 Yasmine 1 Yassmin 1 Yassmina 1 Yazmeen 1 Yelaiah 1 Yelizaveta 1 Yeniade 1 Yenna 1 Yeron 1 Yhanyll 2 Yi 1 Yianna 1 Yiar 1 Yilin 1 Yingwei 1 Yiqi 1 Yiru1 Ylaiza 1 Ymila 1 Yoali 1 Yoanna-Sophia 1 Yohana 1 Yohanan 1 Yohanna 1 Yohannah 6 Yolanda 1 Yolseya 1 Yolyana 1 Yorey 1 Yosan 1 Yostina 1 Yousra 1 Yoveli 1 Yoyo 1 Ysabela 4 Ysabella 5 Ysabelle 1 Yshen 1 Yssa 2 Yu 1 Yuha 1 Yuki 1 Yukiko 1 Yulia 1 Yulina 1 Yumi 2 Yumna 1 Yumu 12 Yuna 1 Yunshu 2 Yuri 2 Yusra 1 Yu-Tian 1 Yuuki 1 Yuvishkaba 1 Yuvleen 1 Yuxin 1 Yvie 2 Yvonne 1 Yzabel 2 Yzabella 4 Yzabelle 1 Yzha 1 Zaara 1 Zadie1 Zafeerah 1 Zafina 1 Zafiro 1 Zaha 1 Zahara-Faith 1 Zahava 1 Zahira 16 Zahra 3 Zahraa 1 Zaia-Jayde 1 Zaida 1 Zailyn 1 Zain 8 Zaina 22 Zainab 2 Zaineb 1 Zaineb 2 Zaira 1 Zairah 1 Zaiya 1 Zakiya 1 Zakiyah 1 Zakiya-Marie 1 Zakoya 1 Zakyah 1 Zalea 1 Zalika 1 Zaliyah 1 Zamzam 1 Zanae 1 Zanayah 1 Zandreya 2 Zanna 22 Zara 6 Zarah 1 Zaraha 1 Zaraya 2 Zarayah 1 Zareesh 1 Zaria 4 Zariah 1 Zarianna 1 Zarifah 1 Zaris 1 Zarish 1 Zaristia 1 Zarlala 1 Zarmeen1 Zarmeena 2 Zarnish 5 Zaya 2 Zayah 1 Zayana 3 Zayda 1 Zaydee 2 Zayla 5 Zaylee 1 Zaylene 1 Zaylynn 5 Zayna 4 Zaynab 1 Zeann 1 Zedingil 1 Zedrina 1 Zee 1 Zeenat 1 Zeenyah 3 Zehra 1 Zehrin 1 Zeina 2 Zeinab 3 Zelda 1 Zelene 1 Zelie 1 Zelina 1 Zelma 1 Zeltzin 1 Zema 1 Zemaira 2 Zemira 1 Zemirah 2 Zena 1 Zenab 1 Zenaia 1 Zenat 3 Zendaya 1 Zenlee 1 Zenna 1 Zenovia 1 Zephaniah 1 Zephyr 1 Zephyra 1 Zeppelin 1 Zepporah 1 Zerliatu 1 Zeynab1 Zeynabxuseen 1 Zeynep 1 Zhane 1 Zhekira 1 Zhixuan 1 Zhkye 1 Zhoe 1 Zhoey 1 Zhoreen 1 Zhouling 1 Zhyryn 5 Zia 2 Zianna 1 Zianne 1 Zierrah 1 Zihui 1 Zikra 1 Zilan 1 Zilin 3 Zimal 1 Zina 1 Zineb 1 Zinnia 2 Zion 2 Zipporah 1 Zita 1 Ziva 1 Zivah 3 Ziya 1 Ziying 74 Zoe 4 Zoe 8 Zoe 1 Zoefia 1 Zoe-Grace 84 Zoey 3 Zoeya 1 Zoey-Anne 1 Zoey-Lynn 3 Zoha 1 Zohal 1 Zohla 1 Zohra 4 Zoie 1 Zoja 3 Zola 2 Zona 1 Zonaira1 Zooey 1 Zosia 3 Zoya 1 Zoyah 1 Zsofia 1 Zujajah 1 Zulal 1 Zulfa 1 Zunaira 1 Zunairah 7 Zuri 1 Zuriel 1 Zurielle 1 Zuzana 2 Zuzanna 3 Zyana 1 Zyanna 1 Zyanya 1 Zyeasha 2 Zyla 1 Zylah 1 Zylina 1 Zyon 3 Zyra 1 Zyrah 1 Zyrille